v 9.175185 2.479234 -6.253036
v 6.828066 2.479234 -6.253036
v 9.175185 3.710773 -6.253036
v 6.828066 3.710773 -6.253036
v 6.311081 2.479234 -6.253036
v 6.311081 3.710773 -6.253036
v 1.150484 3.710773 -6.253036
v 1.667469 3.710773 -6.253036
v 1.150484 2.479234 -6.253036
v 1.667469 2.479234 -6.253036
v 5.794096 3.710773 -6.253036
v 6.311081 3.710773 -6.253036
v 6.311081 2.479234 -6.253036
v 5.794096 2.479234 -6.253036
v 1.150484 2.479234 -6.253036
v 0.633498 2.479234 -6.253036
v 1.150484 3.710773 -6.253036
v 0.633498 3.710773 -6.253036
v -0.781816 2.479234 -6.253036
v -3.482212 3.710773 -6.253036
v -1.257823 2.479234 -6.253036
v -2.046662 2.479234 -6.253036
v -3.482212 2.479234 -6.253036
v -3.999197 2.479234 -6.253036
v -3.999197 3.710773 -6.253036
v -6.839828 3.710773 -6.253036
v -4.516183 3.710773 -6.253036
v -6.839828 2.479234 -6.253036
v -4.516183 2.479234 -6.253036
v -3.999197 3.710773 -6.253036
v -3.999197 2.479234 -6.253036
v 9.175185 5.153298 -6.253036
v 6.828066 5.153298 -6.253036
v 9.175185 5.599956 -6.253036
v 6.311081 5.153298 -6.253036
v 6.311081 5.599956 -6.253036
v 1.150484 5.599956 -6.253036
v 6.311081 5.599956 -6.253036
v 1.150484 5.153298 -6.253036
v 1.667469 5.153298 -6.253036
v 6.311081 5.153298 -6.253036
v 5.794096 5.153298 -6.253036
v 1.150484 5.153298 -6.253036
v 0.633498 5.153298 -6.253036
v 1.150484 5.599956 -6.253036
v -3.999196 5.599956 -6.253036
v -3.999196 5.153298 -6.253036
v -3.482211 5.153298 -6.253036
v -6.839828 5.599956 -6.253036
v -3.999196 5.599956 -6.253036
v -6.839828 5.153298 -6.253036
v -3.999196 5.153298 -6.253036
v -4.516182 5.153298 -6.253036
v -6.251091 2.479234 0.000000
v -3.899250 2.479234 0.000000
v -6.251091 3.710773 0.000000
v -3.491676 2.479234 0.000000
v -3.492183 3.710773 0.000000
v -3.870844 3.710773 0.000000
v 1.477617 3.710773 0.000000
v 1.089674 3.710773 0.000000
v 1.477617 2.479234 0.000000
v 1.101308 2.479234 0.000000
v -3.492183 3.710773 0.000000
v -3.491676 2.479234 0.000000
v -3.113522 3.710773 0.000000
v -3.084102 2.479234 0.000000
v 1.477617 2.479234 0.000000
v 1.853927 2.479234 0.000000
v 1.477617 3.710773 0.000000
v 1.865561 3.710773 0.000000
v 3.455735 2.479234 0.000000
v 6.043381 3.710773 0.000000
v 3.826055 2.479234 0.000000
v 4.439746 2.479234 0.000000
v 6.030176 2.479234 0.000000
v 6.437726 2.479234 0.000000
v 6.439946 3.710773 0.000000
v 9.175185 3.710773 0.000000
v 6.836511 3.710773 0.000000
v 9.175185 2.479234 0.000000
v 6.845277 2.479234 0.000000
v 6.437726 2.479234 0.000000
v 6.439946 3.710773 0.000000
v -6.251091 5.153298 0.000000
v -3.870844 5.153298 0.000000
v -6.251091 5.599956 0.000000
v -3.492183 5.153298 0.000000
v -3.492183 5.599956 0.000000
v 1.477617 5.599956 0.000000
v -3.492183 5.599956 0.000000
v 1.477617 5.153298 0.000000
v 1.089674 5.153298 0.000000
v -3.492183 5.153298 0.000000
v -3.113522 5.153298 0.000000
v 1.477617 5.153298 0.000000
v 1.865561 5.153298 0.000000
v 1.477617 5.599956 0.000000
v 6.437352 5.599956 0.000000
v 6.439946 5.153298 0.000000
v 6.043381 5.153298 0.000000
v 9.175185 5.599956 0.000000
v 6.437352 5.599956 0.000000
v 9.175185 5.153298 0.000000
v 6.439946 5.153298 0.000000
v 6.836511 5.153298 0.000000
v -2.739339 0.000000 -9.734941
v -2.739339 1.163987 -9.734941
v -2.739339 -0.000000 -9.095991
v -2.739339 1.431396 -9.415466
v -2.739339 1.163987 -9.095991
v -6.788473 -0.000000 -9.734941
v -6.788473 -0.000000 -9.095990
v -6.788473 1.163987 -9.734941
v -6.788473 1.431396 -9.415466
v -6.788473 1.163987 -9.095990
v -6.830326 5.345255 -0.424885
v -6.830325 2.483380 -0.424885
v -6.830325 5.345255 -0.000000
v -6.830325 5.154868 -0.000000
v -6.830325 2.483380 -0.000000
v 9.175184 9.176814 -3.746088
v 9.175184 8.107773 -3.746367
v 9.175184 7.635798 -6.253036
v 9.175184 7.763009 -4.118780
v 9.175184 7.197785 -4.769661
v 9.175184 7.200001 -6.253036
v -6.830326 7.443844 -0.424885
v -6.830326 5.345255 -0.424885
v -6.830325 7.200001 -0.000000
v -6.830325 5.345255 -0.000000
v -6.830325 5.609892 -0.000000
v 9.175184 2.483380 -4.118780
v 9.175184 1.408282 -4.118780
v 9.175184 2.483380 -4.779197
v 9.175184 1.408282 -3.746088
v 9.175184 -0.000000 -3.746088
v 9.175184 -0.000000 -6.253036
v 9.175184 2.483380 -6.253035
v 9.175184 9.176814 -3.746088
v 9.175184 7.200001 -0.000000
v 9.175184 8.107773 -3.746367
v 9.175184 7.763009 -3.366684
v 9.175184 7.197141 -2.725899
v 9.175184 2.483380 -0.000000
v 9.175184 2.483381 -3.366684
v 9.175184 5.154868 -0.000000
v 9.175184 5.154868 -0.437300
v 9.175184 2.483380 -3.746088
v 9.175184 5.154868 -3.746088
v 9.175184 -0.000000 -0.000000
v 9.175184 -0.000000 -3.746088
v 9.175184 2.483380 -0.000000
v 9.175184 1.408282 -3.746088
v 9.175184 1.408282 -3.366684
v 9.175184 2.483381 -3.366684
v -6.830325 9.176814 -3.746088
v -6.830325 7.635798 -6.253036
v -6.830325 7.592552 -3.489978
v -6.830325 7.592552 -3.952049
v -6.830325 5.345255 -3.126683
v -6.830325 6.839746 -3.368281
v -6.830325 5.345255 -6.253036
v -6.830325 6.836219 -3.489978
v -6.830325 6.836219 -3.952049
v 9.175184 6.687910 -3.746457
v 9.175184 6.687911 -3.366683
v 9.175184 5.609891 -3.746088
v 9.175184 5.609892 -0.947206
v 9.175184 7.196468 -3.366684
v 9.175184 7.197141 -2.725899
v 9.175184 7.196468 -3.366684
v 9.175184 7.196468 -4.118780
v 9.175184 5.609890 -4.772873
v 9.175184 7.197785 -4.769661
v 9.175184 5.609891 -3.746088
v 9.175184 7.196468 -4.118780
v 9.175184 6.687911 -4.118780
v 9.175184 6.687910 -3.746457
v 9.175184 5.154868 -3.746088
v 9.175184 2.483380 -3.746088
v 9.175184 5.154866 -4.773793
v 9.175184 2.483380 -4.118780
v 9.175184 2.483380 -4.779197
v 8.954682 0.019559 0.154622
v 8.861320 0.019559 0.148635
v 8.914229 0.019559 0.084320
v 8.873778 0.019559 0.014018
v 8.967140 0.019559 0.020006
v -6.670956 0.019559 0.034862
v -6.580278 0.019559 0.015414
v -6.605384 0.019559 0.090511
v -6.539812 0.019559 0.146160
v -6.630492 0.019559 0.165608
v 8.871155 3.284346 0.022210
v 8.828078 3.284346 0.084320
v 8.828078 3.314647 0.084320
v 8.871155 3.314647 0.022210
v 8.828078 3.284346 0.084320
v 8.871154 3.284346 0.146430
v 8.871154 3.314647 0.146430
v 8.828078 3.314647 0.084320
v 8.957308 3.284346 0.146430
v 8.957308 3.314647 0.146430
v 9.000384 3.284346 0.084320
v 9.000384 3.314647 0.084320
v 9.000384 3.284346 0.084320
v 8.957308 3.284346 0.022210
v 8.957308 3.314647 0.022210
v 9.000384 3.314647 0.084320
v 8.871155 4.934093 0.022210
v 8.828078 4.934093 0.084320
v 8.828078 4.964395 0.084320
v 8.871155 4.964395 0.022210
v 8.828078 4.934093 0.084320
v 8.871154 4.934093 0.146430
v 8.871154 4.964395 0.146430
v 8.828078 4.964395 0.084320
v 8.957308 4.934093 0.146430
v 8.957308 4.964395 0.146430
v 9.000384 4.934093 0.084320
v 9.000384 4.964395 0.084320
v 9.000384 4.934093 0.084320
v 8.957308 4.934093 0.022210
v 8.957308 4.964395 0.022210
v 9.000384 4.964395 0.084320
v -1.396932 10.230058 -2.259700
v -0.314163 10.230058 -2.259700
v -0.314163 10.331782 -2.259700
v -1.396932 10.331782 -2.259700
v -1.396932 10.331782 -3.161061
v -0.314163 10.331782 -3.161061
v -0.314163 10.230058 -3.161061
v -1.396932 10.230058 -3.161061
v -1.396932 10.230058 -3.161061
v -0.314163 10.230058 -3.161061
v -0.314163 10.230058 -2.259700
v -1.396932 10.230058 -2.259700
v -0.314163 10.230058 -2.259700
v -0.314163 10.230058 -3.161061
v -0.314163 10.331782 -3.161061
v -0.314163 10.331782 -2.259700
v -1.396932 10.230058 -3.161061
v -1.396932 10.230058 -2.259700
v -1.396932 10.331782 -2.259700
v -1.396932 10.331782 -3.161061
v -1.396932 9.896336 -2.259700
v -0.314163 9.896336 -2.259700
v -0.314163 9.998060 -2.259700
v -1.396932 9.998060 -2.259700
v -1.396932 9.998060 -3.161061
v -0.314163 9.998060 -3.161061
v -0.314163 9.896336 -3.161061
v -1.396932 9.896336 -3.161061
v -1.396932 9.896336 -3.161061
v -0.314163 9.896336 -3.161061
v -0.314163 9.896336 -2.259700
v -1.396932 9.896336 -2.259700
v -0.314163 9.896336 -2.259700
v -0.314163 9.896336 -3.161061
v -0.314163 9.998060 -3.161061
v -0.314163 9.998060 -2.259700
v -1.396932 9.896336 -3.161061
v -1.396932 9.896336 -2.259700
v -1.396932 9.998060 -2.259700
v -1.396932 9.998060 -3.161061
v -1.220868 9.906692 -2.435292
v -1.075161 9.906692 -2.435292
v -1.075161 10.242563 -2.435292
v -1.220868 10.242563 -2.435292
v -1.220868 10.242563 -2.556587
v -1.075161 10.242563 -2.556587
v -1.075161 9.906692 -2.556587
v -1.220868 9.906692 -2.556587
v -1.220868 9.906692 -2.556587
v -1.220868 10.242563 -2.556587
v -0.601909 9.906692 -2.435292
v -0.456202 9.906692 -2.435292
v -0.456202 10.242563 -2.435292
v -0.601909 10.242563 -2.435292
v -0.601909 10.242563 -2.556587
v -0.456202 10.242563 -2.556587
v -0.456202 9.906692 -2.556587
v -0.601909 9.906692 -2.556587
v -0.601909 9.906692 -2.556587
v -0.601909 10.242563 -2.556587
v -1.292711 8.322499 -2.346459
v -0.418383 8.322499 -2.346459
v -0.418383 9.900788 -2.346459
v -1.292711 9.900788 -2.346459
v -1.292711 9.900788 -3.074302
v -0.418383 9.900788 -3.074302
v -0.418383 8.322499 -3.074302
v -1.292711 8.322499 -3.074302
v -1.292711 8.322499 -3.074302
v -0.418383 8.322499 -3.074302
v -0.418383 8.322499 -2.346459
v -1.292711 8.322499 -2.346459
v -1.292711 8.322499 -3.074302
v -1.292711 9.900788 -3.074302
v 9.238203 1.431396 -9.415466
v 4.986252 1.431396 -9.415467
v 4.986252 1.084843 -9.001436
v 9.238203 1.084843 -9.001436
v 0.734300 1.084843 -9.001438
v 4.986252 1.084843 -9.001436
v 4.986252 1.431396 -9.415467
v 0.734300 1.431396 -9.415469
v 9.238203 1.084843 -9.829497
v 4.986252 1.084843 -9.829498
v 4.986252 1.431396 -9.415467
v 9.238203 1.431396 -9.415466
v 0.734300 1.431396 -9.415469
v 4.986252 1.431396 -9.415467
v 4.986252 1.084843 -9.829498
v 0.734300 1.084843 -9.829498
v 9.102833 -0.000000 -9.415466
v 9.102833 1.431396 -9.415466
v 9.102833 1.163987 -9.095991
v 9.102833 -0.000000 -9.095991
v 9.102833 1.163987 -9.734942
v 9.102833 0.000000 -9.734942
v 4.918567 -0.000000 -9.734944
v 4.918567 1.163987 -9.734944
v 9.102833 -0.000000 -9.095991
v 9.102833 1.163987 -9.095991
v 4.918567 1.163987 -9.095991
v 4.918567 -0.000000 -9.095991
v 0.734301 0.000000 -9.095992
v 0.734301 1.163987 -9.095992
v 0.734301 1.431396 -9.415469
v 0.734301 -0.000000 -9.415469
v 0.734301 1.163987 -9.095992
v 0.734301 0.000000 -9.095992
v 4.918567 -0.000000 -9.095991
v 4.918567 1.163987 -9.095991
v 0.734301 -0.000000 -9.734944
v 0.734301 1.163987 -9.734944
v 4.918567 1.163987 -9.734944
v 4.918567 -0.000000 -9.734944
v 9.102833 0.000000 -9.734942
v 9.102833 1.163987 -9.734942
v 0.734301 1.163987 -9.734944
v 0.734301 -0.000000 -9.734944
v -6.788473 1.091924 -9.001438
v -2.739338 1.091924 -9.001436
v -2.739338 1.438477 -9.415467
v -6.788473 1.438477 -9.415469
v -6.788473 1.438477 -9.415469
v -2.739338 1.438477 -9.415467
v -2.739338 1.091924 -9.829498
v -6.788473 1.091924 -9.829498
v 11.092978 5.227802 -5.467552
v 11.992185 5.227802 -6.253042
v 13.064621 5.227802 -7.954692
v 11.068195 5.227802 -7.954687
v 8.986893 5.227802 -5.417913
v 8.986893 5.227802 -7.954686
v 11.068195 5.227802 -7.954687
v 13.064621 5.227802 -7.954692
v 13.021007 3.956171 -10.014818
v 11.043411 3.956171 -10.014815
v 8.986893 5.227802 -7.954686
v 8.986893 3.956171 -10.014814
v 6.828066 5.154867 -6.043179
v 6.828066 3.710773 -6.043179
v 5.794096 3.710773 -6.043179
v 5.794096 5.154867 -6.043179
v 6.828066 2.479234 -6.043179
v 6.828066 1.028648 -6.043179
v 5.794096 1.028648 -6.043179
v 5.794096 2.479234 -6.043179
v 1.667469 2.479234 -6.043179
v 1.667469 1.028648 -6.043179
v 0.633498 1.028648 -6.043179
v 0.633498 2.479234 -6.043179
v 1.667469 5.154867 -6.043179
v 1.667469 3.710773 -6.043179
v 0.633498 3.710773 -6.043179
v 0.633498 5.154867 -6.043179
v -3.482211 5.154867 -6.043179
v -3.482211 3.710773 -6.043179
v -4.516182 3.710773 -6.043179
v -4.516182 5.154867 -6.043179
v -3.482212 2.479234 -6.043179
v -3.482212 1.028648 -6.043179
v -4.516183 1.028648 -6.043179
v -4.516183 2.479234 -6.043179
v -3.999196 7.655563 -6.253036
v -3.999196 5.599956 -6.253036
v -6.839828 5.599956 -6.253036
v -6.839828 7.655563 -6.253036
v 9.175185 5.599956 -6.253036
v 6.311081 5.599956 -6.253036
v 6.311081 7.655563 -6.253036
v 9.175185 7.655563 -6.253036
v 1.150484 5.599956 -6.253036
v -3.999196 5.599956 -6.253036
v -3.999196 7.655563 -6.253036
v 1.150484 7.655563 -6.253036
v 6.311081 7.655563 -6.253036
v 6.311081 5.599956 -6.253036
v 1.150484 5.599956 -6.253036
v 1.150484 7.655563 -6.253036
v -6.839828 5.153298 -6.253036
v -4.516182 5.153298 -6.253036
v 1.667469 5.153298 -6.253036
v 5.794096 5.153298 -6.253036
v 1.150484 5.153298 -6.253036
v 1.667469 5.153298 -6.253036
v 1.667469 5.153298 -6.043179
v 1.150484 5.153298 -6.043179
v 1.667469 5.153298 -6.253036
v 1.667469 3.710773 -6.253036
v 1.667469 3.710773 -6.043179
v 1.667469 5.153298 -6.043179
v 1.667469 3.710773 -6.253036
v 1.150484 3.710773 -6.253036
v 1.150484 3.710773 -6.043179
v 1.667469 3.710773 -6.043179
v 0.633498 3.710773 -6.253036
v 0.633498 3.710773 -6.043179
v 0.633498 3.710773 -6.253036
v 0.633498 5.153298 -6.253036
v 0.633498 5.153298 -6.043179
v 0.633498 3.710773 -6.043179
v 0.633498 5.153298 -6.253036
v 0.633498 5.153298 -6.043179
v -6.839828 2.479234 -6.253036
v -4.516183 2.479234 -6.253036
v -4.516182 1.028648 -6.253036
v -6.839828 1.028648 -6.253036
v 5.794096 1.028648 -6.253036
v 1.667469 1.028648 -6.253036
v 1.667469 2.479234 -6.253036
v 5.794096 2.479234 -6.253036
v 9.175185 1.028648 -6.253036
v 6.828066 1.028648 -6.253036
v 6.828066 2.479234 -6.253036
v 9.175185 2.479234 -6.253036
v 0.633498 2.479234 -6.253036
v 0.633498 1.028648 -6.253036
v -0.781816 1.028648 -6.253036
v -0.781816 2.479234 -6.253036
v 9.175185 -0.000000 -6.253036
v 6.828066 -0.000000 -6.253036
v 6.311081 1.028648 -6.253036
v 6.311081 -0.000000 -6.253036
v 5.794096 -0.000000 -6.253036
v 6.311081 1.028648 -6.253036
v 6.311081 -0.000000 -6.253036
v 1.667469 -0.000000 -6.253036
v 1.150484 1.028648 -6.253036
v 1.150484 -0.000000 -6.253036
v 1.150484 -0.000000 -6.253036
v 0.633498 -0.000000 -6.253036
v 1.150484 1.028648 -6.253036
v -0.781816 -0.000000 -6.253036
v -3.999197 1.028648 -6.253036
v -3.482212 1.028648 -6.253036
v -3.482212 -0.000000 -6.253036
v -3.999196 -0.000000 -6.253036
v -4.516182 -0.000000 -6.253036
v -4.516182 1.028648 -6.253036
v -3.999197 1.028648 -6.253036
v -3.999196 -0.000000 -6.253036
v -6.839828 1.028648 -6.253036
v -4.516182 1.028648 -6.253036
v -4.516182 -0.000000 -6.253036
v -6.839828 -0.000000 -6.253036
v 6.828066 5.153298 -6.253036
v 9.175185 5.153298 -6.253036
v 0.633498 5.153298 -6.253036
v -3.482211 5.153298 -6.253036
v 6.828066 5.153298 -6.253036
v 6.828066 3.710773 -6.253036
v 6.828066 3.710773 -6.043179
v 6.828066 5.153298 -6.043179
v 6.828066 3.710773 -6.253036
v 6.311081 3.710773 -6.253036
v 6.311081 3.710773 -6.043179
v 6.828066 3.710773 -6.043179
v 6.311081 5.153298 -6.253036
v 6.828066 5.153298 -6.253036
v 6.828066 5.153298 -6.043179
v 6.311081 5.153298 -6.043179
v 5.794096 3.710773 -6.253036
v 5.794096 5.153298 -6.253036
v 5.794096 5.153298 -6.043179
v 5.794096 3.710773 -6.043179
v 5.794096 5.153298 -6.253036
v 5.794096 5.153298 -6.043179
v 5.794096 3.710773 -6.253036
v 5.794096 3.710773 -6.043179
v -3.482211 5.153298 -6.253036
v -3.482212 3.710773 -6.253036
v -3.482212 3.710773 -6.043179
v -3.482211 5.153298 -6.043179
v -3.482212 3.710773 -6.253036
v -3.999197 3.710773 -6.253036
v -3.999197 3.710773 -6.043179
v -3.482212 3.710773 -6.043179
v -3.999196 5.153298 -6.253036
v -3.482211 5.153298 -6.253036
v -3.482211 5.153298 -6.043179
v -3.999196 5.153298 -6.043179
v -4.516183 3.710773 -6.253036
v -4.516182 5.153298 -6.253036
v -4.516182 5.153298 -6.043179
v -4.516183 3.710773 -6.043179
v -4.516182 5.153298 -6.253036
v -4.516182 5.153298 -6.043179
v -4.516183 3.710773 -6.253036
v -4.516183 3.710773 -6.043179
v 6.828066 2.479234 -6.253036
v 6.828066 1.028648 -6.253036
v 6.828066 1.028648 -6.043179
v 6.828066 2.479234 -6.043179
v 6.828066 1.028648 -6.253036
v 6.311081 1.028648 -6.253036
v 6.311081 1.028648 -6.043179
v 6.828066 1.028648 -6.043179
v 6.311081 2.479234 -6.253036
v 6.828066 2.479234 -6.253036
v 6.828066 2.479234 -6.043179
v 6.311081 2.479234 -6.043179
v 5.794096 1.028648 -6.253036
v 5.794096 1.028648 -6.043179
v 5.794096 1.028648 -6.253036
v 5.794096 2.479234 -6.253036
v 5.794096 2.479234 -6.043179
v 5.794096 1.028648 -6.043179
v 5.794096 2.479234 -6.253036
v 5.794096 2.479234 -6.043179
v 1.150484 1.028648 -6.253036
v 0.633498 1.028648 -6.253036
v 0.633498 1.028648 -6.043179
v 1.150484 1.028648 -6.043179
v 0.633498 1.028648 -6.253036
v 0.633498 2.479234 -6.253036
v 0.633498 2.479234 -6.043179
v 0.633498 1.028648 -6.043179
v 0.633498 2.479234 -6.253036
v 1.150484 2.479234 -6.253036
v 1.150484 2.479234 -6.043179
v 0.633498 2.479234 -6.043179
v 1.667469 2.479234 -6.253036
v 1.667469 2.479234 -6.043179
v 1.667469 2.479234 -6.253036
v 1.667469 1.028648 -6.253036
v 1.667469 1.028648 -6.043179
v 1.667469 2.479234 -6.043179
v 1.667469 1.028648 -6.253036
v 1.667469 1.028648 -6.043179
v -3.482212 2.479234 -6.253036
v -3.482212 1.028648 -6.253036
v -3.482212 1.028648 -6.043179
v -3.482212 2.479234 -6.043179
v -3.482212 1.028648 -6.253036
v -3.999197 1.028648 -6.253036
v -3.999197 1.028648 -6.043179
v -3.482212 1.028648 -6.043179
v -3.999197 2.479234 -6.253036
v -3.482212 2.479234 -6.253036
v -3.482212 2.479234 -6.043179
v -3.999197 2.479234 -6.043179
v -4.516182 1.028648 -6.253036
v -4.516182 1.028648 -6.043179
v -4.516182 1.028648 -6.253036
v -4.516183 2.479234 -6.253036
v -4.516183 2.479234 -6.043179
v -4.516182 1.028648 -6.043179
v -4.516183 2.479234 -6.253036
v -4.516183 2.479234 -6.043179
v -2.046662 1.028648 -6.253036
v -2.046662 -0.000000 -6.253036
v -2.046662 2.479234 -6.253036
v -3.482212 2.479234 -6.253036
v -2.046662 -0.000000 -6.253036
v -2.046662 1.028648 -6.253036
v -2.046662 1.028648 -5.969759
v -2.046662 -0.000000 -5.969759
v -2.046662 2.479234 -6.253036
v -2.046662 2.479234 -5.969759
v -2.046662 2.479234 -6.253036
v -1.257823 2.479234 -6.253036
v -1.257823 2.479234 -5.969759
v -2.046662 2.479234 -5.969759
v -0.781816 1.028648 -6.253036
v -0.781816 -0.000000 -6.253036
v -0.781816 -0.000000 -5.969759
v -0.781816 1.028648 -5.969759
v -0.781816 2.479234 -6.253036
v -0.781816 2.479234 -5.969759
v -0.781816 2.479234 -6.253036
v -0.781816 2.479234 -5.969759
v -2.046662 2.479234 -5.969758
v -0.781816 2.479234 -5.969758
v -0.781816 -0.000000 -5.969758
v -2.046662 -0.000000 -5.969758
v -0.040075 0.000000 -7.911103
v -0.040075 2.831263 -7.911103
v 0.085784 2.831263 -7.911103
v 0.085784 0.000000 -7.911103
v -0.040075 2.831263 -7.911103
v -0.040075 0.000000 -7.911103
v -0.040075 0.000000 -7.807477
v -0.040075 2.831263 -7.807477
v 0.085784 0.000000 -7.807477
v 0.085784 2.831263 -7.807477
v -0.040075 2.831263 -7.807477
v -0.040075 0.000000 -7.807477
v 0.085784 2.831263 -7.911103
v -0.040075 2.831263 -7.911103
v -0.040075 2.831263 -7.807477
v 0.085784 2.831263 -7.807477
v 1.891621 4.456272 -0.043836
v 1.891621 5.006095 -0.043836
v 1.043204 5.006095 -0.043836
v 1.043204 4.456272 -0.043836
v 1.891368 5.006095 -0.049073
v 1.891368 5.006095 -0.011826
v 1.042950 5.006095 -0.011826
v 1.042950 5.006095 -0.049073
v 1.042950 5.165935 -0.011826
v 1.891368 5.165935 -0.011826
v 0.975633 5.165935 -0.011826
v 0.975633 5.006095 -0.011826
v 0.975633 5.006095 -0.049073
v 1.979601 5.006095 -0.011826
v 1.979601 5.006095 -0.049073
v 1.979601 5.165935 -0.011826
v 1.979601 5.165934 -0.036994
v 1.890886 5.165934 -0.036994
v 1.890886 3.710773 -0.036994
v 1.979601 3.710773 -0.036994
v 1.043432 3.710773 -0.036994
v 1.043432 5.165935 -0.036994
v 0.975633 5.165934 -0.036994
v 0.975633 3.710773 -0.036994
v 1.890886 3.710773 -0.036994
v 1.890886 5.165934 -0.036994
v 1.890886 5.165934 -0.092817
v 1.890886 3.710773 -0.092817
v 1.043432 5.165935 -0.036994
v 1.043432 3.710773 -0.036994
v 1.043432 3.710773 -0.092817
v 1.043432 5.165935 -0.092817
v 1.786099 2.323970 -0.049073
v 1.786099 2.323970 -0.011826
v 1.153541 2.323970 -0.011826
v 1.153541 2.323970 -0.049073
v 1.153541 2.483809 -0.011826
v 1.786099 2.483809 -0.011826
v 1.103353 2.483809 -0.011826
v 1.103353 2.323970 -0.011826
v 1.103353 2.323970 -0.049073
v 1.851882 2.323970 -0.011826
v 1.851882 2.323970 -0.049073
v 1.851882 2.483809 -0.011826
v 1.851882 2.483809 -0.036994
v 1.785739 2.483809 -0.036994
v 1.785739 1.028648 -0.036994
v 1.851882 1.028648 -0.036994
v 1.153902 1.028648 -0.036994
v 1.153902 2.483809 -0.036994
v 1.103353 2.483809 -0.036994
v 1.103353 1.028648 -0.036994
v 1.785739 1.028648 -0.036994
v 1.785739 2.483809 -0.036994
v 1.785739 2.483809 -0.092817
v 1.785739 1.028648 -0.092817
v 1.153902 2.483809 -0.036994
v 1.153902 1.028648 -0.036994
v 1.153902 1.028648 -0.092817
v 1.153902 2.483809 -0.092817
v 6.769678 3.710773 -0.043836
v 6.769678 5.006095 -0.043836
v 6.093959 5.006095 -0.043836
v 6.093959 3.710774 -0.043836
v 6.769476 5.006095 -0.049073
v 6.769476 5.006095 -0.011826
v 6.093757 5.006095 -0.011826
v 6.093757 5.006095 -0.049073
v 6.093757 5.165935 -0.011826
v 6.769476 5.165935 -0.011826
v 6.040142 5.165935 -0.011826
v 6.040142 5.006095 -0.011826
v 6.040142 5.006095 -0.049073
v 6.839750 5.006095 -0.011826
v 6.839750 5.006095 -0.049073
v 6.839750 5.165935 -0.011826
v 6.839750 5.165934 -0.036994
v 6.769092 5.165934 -0.036994
v 6.769092 3.710773 -0.036994
v 6.839750 3.710773 -0.036994
v 6.094141 3.710773 -0.036994
v 6.094141 5.165935 -0.036994
v 6.040142 5.165934 -0.036994
v 6.040142 3.710773 -0.036994
v 6.769092 3.710773 -0.036994
v 6.769092 5.165934 -0.036994
v 6.769092 5.165934 -0.092817
v 6.769092 3.710773 -0.092817
v 6.094141 5.165935 -0.036994
v 6.094141 3.710773 -0.036994
v 6.094141 3.710773 -0.092817
v 6.094141 5.165935 -0.092817
v 6.775944 2.323970 -0.049073
v 6.775944 2.323970 -0.011826
v 6.081507 2.323970 -0.011826
v 6.081507 2.323970 -0.049073
v 6.081507 2.483809 -0.011826
v 6.775944 2.483809 -0.011826
v 6.026407 2.483809 -0.011826
v 6.026407 2.323970 -0.011826
v 6.026407 2.323970 -0.049073
v 6.848165 2.323970 -0.011826
v 6.848165 2.323970 -0.049073
v 6.848165 2.483809 -0.011826
v 6.848165 2.483809 -0.049073
v 6.775550 2.483809 -0.049073
v 6.775550 1.028648 -0.049073
v 6.848165 1.028648 -0.049073
v 6.081902 1.028648 -0.049073
v 6.081902 2.483809 -0.049073
v 6.026407 2.483809 -0.049073
v 6.026407 1.028648 -0.049073
v 6.775550 1.028648 -0.049073
v 6.775550 2.483809 -0.049073
v 6.775550 2.483809 -0.092817
v 6.775550 1.028648 -0.092817
v 6.081902 2.483809 -0.049073
v 6.081902 1.028648 -0.049073
v 6.081902 1.028648 -0.092817
v 6.081902 2.483809 -0.092817
v -3.870844 5.154867 -0.209857
v -3.870844 3.710773 -0.209857
v -3.113522 3.710773 -0.209857
v -3.113522 5.154867 -0.209857
v -3.899250 2.479234 -0.209857
v -3.899250 1.028648 -0.209857
v -3.084102 1.028648 -0.209857
v -3.084102 2.479234 -0.209857
v 1.101309 2.479234 -0.209857
v 1.101309 1.028648 -0.209857
v 1.853927 1.028648 -0.209857
v 1.853927 2.479234 -0.209857
v 1.089674 5.154867 -0.209857
v 1.089674 3.710773 -0.209857
v 1.865561 3.710773 -0.209857
v 1.865561 5.154867 -0.209857
v 6.043381 5.154867 -0.209857
v 6.043381 3.710773 -0.209857
v 6.836511 3.710773 -0.209857
v 6.836511 5.154867 -0.209857
v 6.030176 2.479234 -0.209857
v 6.030176 1.028648 -0.209857
v 6.845277 1.028648 -0.209857
v 6.845277 2.479234 -0.209857
v 6.437352 7.200001 0.000000
v 6.437352 5.599956 0.000000
v 9.175185 5.599956 0.000000
v 9.175185 7.200001 0.000000
v -6.251091 5.599956 0.000000
v -3.492183 5.599956 0.000000
v -3.492631 7.200001 0.000000
v -6.251091 7.200001 0.000000
v 1.477617 5.599956 0.000000
v 6.437352 5.599956 0.000000
v 6.437352 7.200001 0.000000
v 1.477617 7.200001 0.000000
v -3.492631 7.200001 0.000000
v -3.492183 5.599956 0.000000
v 1.477617 5.599956 0.000000
v 1.477617 7.200001 0.000000
v 9.175185 5.153298 0.000000
v 6.836511 5.153298 0.000000
v 1.089674 5.153298 0.000000
v -3.113522 5.153298 0.000000
v 1.477617 5.153298 0.000000
v 1.089674 5.153298 0.000000
v 1.089674 5.153298 -0.209857
v 1.477617 5.153298 -0.209857
v 1.089674 5.153298 0.000000
v 1.089674 3.710773 0.000000
v 1.089674 3.710773 -0.209857
v 1.089674 5.153298 -0.209857
v 1.089674 3.710773 0.000000
v 1.477617 3.710773 0.000000
v 1.477617 3.710773 -0.209857
v 1.089674 3.710773 -0.209857
v 1.865561 3.710773 0.000000
v 1.865561 3.710773 -0.209857
v 1.865561 3.710773 0.000000
v 1.865561 5.153298 0.000000
v 1.865561 5.153298 -0.209857
v 1.865561 3.710773 -0.209857
v 1.865561 5.153298 0.000000
v 1.865561 5.153298 -0.209857
v 9.175185 2.479234 0.000000
v 6.845277 2.479234 0.000000
v 6.845277 1.028648 0.000000
v 9.175185 1.028648 0.000000
v -3.084102 1.028648 0.000000
v 1.101308 1.028648 0.000000
v 1.101308 2.479234 0.000000
v -3.084102 2.479234 0.000000
v -6.251091 1.028648 0.000000
v -3.899250 1.028648 0.000000
v -3.899250 2.479234 0.000000
v -6.251091 2.479234 0.000000
v 1.853927 2.479234 0.000000
v 1.853927 1.028648 0.000000
v 3.455735 1.028648 0.000000
v 3.455735 2.479234 0.000000
v -6.251091 -0.000000 0.000000
v -3.990547 -0.000000 0.000000
v -3.491676 1.028648 0.000000
v -3.492631 -0.000000 0.000000
v -2.994715 -0.000000 0.000000
v -3.491676 1.028648 0.000000
v -3.492631 -0.000000 0.000000
v 0.979701 -0.000000 0.000000
v 1.477617 1.028648 0.000000
v 1.477617 -0.000000 0.000000
v 1.477617 -0.000000 0.000000
v 1.975534 -0.000000 0.000000
v 1.477617 1.028648 0.000000
v 3.455735 -0.000000 0.000000
v 6.437726 1.028648 0.000000
v 6.030176 1.028648 0.000000
v 5.939435 -0.000000 0.000000
v 6.437352 -0.000000 0.000000
v 6.935268 -0.000000 -0.000000
v 6.845277 1.028648 0.000000
v 9.175185 1.028648 0.000000
v 6.845277 1.028648 0.000000
v 6.935268 -0.000000 -0.000000
v 9.175185 -0.000000 0.000000
v -3.870844 5.153298 0.000000
v -6.251091 5.153298 0.000000
v 1.865561 5.153298 0.000000
v 6.043381 5.153298 0.000000
v -3.870844 5.153298 0.000000
v -3.870844 3.710773 0.000000
v -3.870844 3.710773 -0.209857
v -3.870844 5.153298 -0.209857
v -3.870844 3.710773 0.000000
v -3.492183 3.710773 0.000000
v -3.492183 3.710773 -0.209857
v -3.870844 3.710773 -0.209857
v -3.492183 5.153298 0.000000
v -3.870844 5.153298 0.000000
v -3.870844 5.153298 -0.209857
v -3.492183 5.153298 -0.209857
v -3.113522 3.710773 0.000000
v -3.113522 5.153298 0.000000
v -3.113522 5.153298 -0.209857
v -3.113522 3.710773 -0.209857
v -3.113522 5.153298 0.000000
v -3.113522 5.153298 -0.209857
v -3.113522 3.710773 0.000000
v -3.113522 3.710773 -0.209857
v 6.043381 5.153298 0.000000
v 6.043381 3.710773 0.000000
v 6.043381 3.710773 -0.209857
v 6.043381 5.153298 -0.209857
v 6.043381 3.710773 0.000000
v 6.439946 3.710773 0.000000
v 6.439946 3.710773 -0.209857
v 6.043381 3.710773 -0.209857
v 6.439946 5.153298 0.000000
v 6.043381 5.153298 0.000000
v 6.043381 5.153298 -0.209857
v 6.439946 5.153298 -0.209857
v 6.836511 3.710773 0.000000
v 6.836511 5.153298 0.000000
v 6.836511 5.153298 -0.209857
v 6.836511 3.710773 -0.209857
v 6.836511 5.153298 0.000000
v 6.836511 5.153298 -0.209857
v 6.836511 3.710773 0.000000
v 6.836511 3.710773 -0.209857
v -3.899250 2.479234 0.000000
v -3.899250 1.028648 0.000000
v -3.899250 1.028648 -0.209857
v -3.899250 2.479234 -0.209857
v -3.899250 1.028648 0.000000
v -3.491676 1.028648 0.000000
v -3.491676 1.028648 -0.209857
v -3.899250 1.028648 -0.209857
v -3.491676 2.479234 0.000000
v -3.899250 2.479234 0.000000
v -3.899250 2.479234 -0.209857
v -3.491676 2.479234 -0.209857
v -3.084102 1.028648 0.000000
v -3.084102 1.028648 -0.209857
v -3.084102 1.028648 0.000000
v -3.084102 2.479234 0.000000
v -3.084102 2.479234 -0.209857
v -3.084102 1.028648 -0.209857
v -3.084102 2.479234 0.000000
v -3.084102 2.479234 -0.209857
v 1.477617 1.028648 0.000000
v 1.853927 1.028648 0.000000
v 1.853927 1.028648 -0.209857
v 1.477617 1.028648 -0.209857
v 1.853927 1.028648 0.000000
v 1.853927 2.479234 0.000000
v 1.853927 2.479234 -0.209857
v 1.853927 1.028648 -0.209857
v 1.853927 2.479234 0.000000
v 1.477617 2.479234 0.000000
v 1.477617 2.479234 -0.209857
v 1.853927 2.479234 -0.209857
v 1.101308 2.479234 0.000000
v 1.101308 2.479234 -0.209857
v 1.101308 2.479234 0.000000
v 1.101308 1.028648 0.000000
v 1.101308 1.028648 -0.209857
v 1.101308 2.479234 -0.209857
v 1.101308 1.028648 0.000000
v 1.101308 1.028648 -0.209857
v 6.030176 2.479234 0.000000
v 6.030176 1.028648 0.000000
v 6.030176 1.028648 -0.209857
v 6.030176 2.479234 -0.209857
v 6.030176 1.028648 0.000000
v 6.437726 1.028648 0.000000
v 6.437726 1.028648 -0.209857
v 6.030176 1.028648 -0.209857
v 6.437726 2.479234 0.000000
v 6.030176 2.479234 0.000000
v 6.030176 2.479234 -0.209857
v 6.437726 2.479234 -0.209857
v 6.845277 1.028648 0.000000
v 6.845277 1.028648 -0.209857
v 6.845277 1.028648 0.000000
v 6.845277 2.479234 0.000000
v 6.845277 2.479234 -0.209857
v 6.845277 1.028648 -0.209857
v 6.845277 2.479234 0.000000
v 6.845277 2.479234 -0.209857
v 4.439746 1.028648 0.000000
v 4.439746 -0.000000 0.000000
v 4.439746 2.479234 0.000000
v 6.030176 2.479234 0.000000
v 4.439746 -0.000000 0.000000
v 4.439746 1.028648 0.000000
v 4.439746 1.028648 -0.283277
v 4.439746 -0.000000 -0.283277
v 4.439746 2.479234 0.000000
v 4.439746 2.479234 -0.283277
v 4.439746 2.479234 0.000000
v 3.826055 2.479234 0.000000
v 3.826055 2.479234 -0.283277
v 4.439746 2.479234 -0.283277
v 3.455735 1.028648 0.000000
v 3.455735 -0.000000 0.000000
v 3.455735 -0.000000 -0.283277
v 3.455735 1.028648 -0.283277
v 3.455735 2.479234 0.000000
v 3.455735 2.479234 -0.283277
v 3.455735 2.479234 0.000000
v 3.455735 2.479234 -0.283277
v -3.152790 1.637679 -0.043836
v -3.152790 2.323970 -0.043836
v -3.847269 2.323970 -0.043836
v -3.847269 1.637679 -0.043836
v -3.152997 2.323970 -0.049073
v -3.152997 2.323970 -0.011826
v -3.847477 2.323970 -0.011826
v -3.847477 2.323970 -0.049073
v -3.847477 2.483809 -0.011826
v -3.152997 2.483809 -0.011826
v -3.902580 2.483809 -0.011826
v -3.902580 2.323970 -0.011826
v -3.902580 2.323970 -0.049073
v -3.080773 2.323970 -0.011826
v -3.080773 2.323970 -0.049073
v -3.080773 2.483809 -0.011826
v -3.080773 2.483809 -0.036994
v -3.153392 2.483809 -0.036994
v -3.153392 1.028648 -0.036994
v -3.080773 1.028648 -0.036994
v -3.847082 1.028648 -0.036994
v -3.847082 2.483809 -0.036994
v -3.902580 2.483809 -0.036994
v -3.902580 1.028648 -0.036994
v -3.153392 1.028648 -0.036994
v -3.153392 2.483809 -0.036994
v -3.153392 2.483809 -0.092817
v -3.153392 1.028648 -0.092817
v -3.847082 2.483809 -0.036994
v -3.847082 1.028648 -0.036994
v -3.847082 1.028648 -0.092817
v -3.847082 2.483809 -0.092817
v -3.177337 4.123696 -0.043836
v -3.177337 5.006095 -0.043836
v -3.822551 5.006095 -0.043836
v -3.822551 4.123696 -0.043836
v -3.177530 5.006095 -0.049073
v -3.177530 5.006095 -0.011826
v -3.822744 5.006095 -0.011826
v -3.822743 5.006095 -0.049073
v -3.822743 5.165935 -0.011826
v -3.177530 5.165935 -0.011826
v -3.873938 5.165935 -0.011826
v -3.873938 5.006095 -0.011826
v -3.873938 5.006095 -0.049073
v -3.110429 5.006095 -0.011826
v -3.110429 5.006095 -0.049073
v -3.110429 5.165935 -0.011826
v -3.110429 5.165934 -0.036994
v -3.177896 5.165934 -0.036994
v -3.177896 3.710773 -0.036994
v -3.110429 3.710773 -0.036994
v -3.822377 3.710773 -0.036994
v -3.822377 5.165935 -0.036994
v -3.873938 5.165934 -0.036994
v -3.873938 3.710773 -0.036994
v -3.177896 3.710773 -0.036994
v -3.177896 5.165934 -0.036994
v -3.177896 5.165934 -0.092817
v -3.177896 3.710773 -0.092817
v -3.822377 5.165935 -0.036994
v -3.822377 3.710773 -0.036994
v -3.822377 3.710773 -0.092817
v -3.822377 5.165935 -0.092817
v -6.512805 0.000000 -7.911103
v -6.512805 2.831263 -7.911103
v -6.386946 2.831263 -7.911103
v -6.386946 0.000000 -7.911103
v -6.512805 2.831263 -7.911103
v -6.512805 0.000000 -7.911103
v -6.512805 0.000000 -7.807477
v -6.512805 2.831263 -7.807477
v -6.386946 0.000000 -7.807477
v -6.386946 2.831263 -7.807477
v -6.512805 2.831263 -7.807477
v -6.512805 0.000000 -7.807477
v -6.386946 2.831263 -7.911103
v -6.512805 2.831263 -7.911103
v -6.512805 2.831263 -7.807477
v -6.386946 2.831263 -7.807477
v -7.478800 0.000000 -0.866003
v -7.478800 2.201290 -0.866003
v -6.846489 2.201290 -0.866003
v -6.846489 -0.000000 -0.866003
v -7.478800 -0.000000 -0.234048
v -7.478800 2.201290 -0.234048
v -6.846489 -0.000000 -0.234048
v -6.846489 2.201290 -0.234048
v -7.162645 2.531282 -0.550026
v -6.846489 2.201290 -0.866003
v -7.478800 2.201290 -0.866003
v -7.478800 2.201290 -0.234048
v -6.846489 2.201290 -0.234048
v -6.846489 2.201290 -0.866003
v -7.162645 2.531282 -0.550026
v -7.478800 2.201290 -0.234048
v -11.692898 0.000000 -0.866003
v -11.692898 2.201290 -0.866003
v -11.090847 2.201290 -0.866003
v -11.090847 -0.000000 -0.866003
v -11.692898 -0.000000 -0.234048
v -11.692898 2.201290 -0.234048
v -11.090847 -0.000000 -0.234048
v -11.090847 2.201290 -0.234048
v -11.090847 -0.000000 -0.866003
v -11.090847 2.201290 -0.866003
v -11.090847 2.201290 -0.866003
v -11.692898 2.201290 -0.866003
v -11.391872 2.531282 -0.550026
v -11.090847 2.201290 -0.234048
v -11.391872 2.531282 -0.550026
v -11.692898 2.201290 -0.866003
v -11.692898 2.201290 -0.234048
v -11.090847 2.201290 -0.234048
v -7.642187 0.000000 -0.531836
v -7.642187 1.739746 -0.531836
v -7.516328 1.739746 -0.531836
v -7.516328 0.000000 -0.531836
v -7.642187 1.739746 -0.531836
v -7.642187 0.000000 -0.531836
v -7.642187 0.000000 -0.428210
v -7.642187 1.739746 -0.428210
v -7.516328 0.000000 -0.428210
v -7.516328 1.739746 -0.428210
v -7.642187 1.739746 -0.428210
v -7.642187 0.000000 -0.428210
v -7.516328 1.739746 -0.531836
v -7.642187 1.739746 -0.531836
v -7.642187 1.739746 -0.428210
v -7.516328 1.739746 -0.428210
v -10.978081 0.000000 -0.428209
v -10.978081 1.739745 -0.428209
v -11.103939 1.739745 -0.428209
v -11.103939 0.000000 -0.428209
v -10.978081 1.739745 -0.428209
v -10.978081 0.000000 -0.428209
v -10.978081 0.000000 -0.531836
v -10.978081 1.739745 -0.531836
v -11.103939 0.000000 -0.531836
v -11.103939 1.739745 -0.531836
v -10.978081 1.739745 -0.531836
v -10.978081 0.000000 -0.531836
v -11.103939 1.739745 -0.428209
v -10.978081 1.739745 -0.428209
v -10.978081 1.739745 -0.531836
v -11.103939 1.739745 -0.531836
v 3.435933 0.079215 -0.007975
v 4.458374 0.079215 -0.007975
v 4.458374 0.139445 -0.007975
v 3.435933 0.139445 -0.007975
v 4.458374 0.139445 -0.283277
v 3.435933 0.139445 -0.283277
v 3.058782 0.000000 0.411406
v 4.851966 -0.000000 0.411406
v 4.788909 0.062648 0.365849
v 3.121837 0.062648 0.365849
v 4.788909 0.092665 -0.006460
v 3.121837 0.092665 -0.006460
v 3.121837 0.062648 0.365849
v 3.121837 0.092665 -0.006460
v 3.058782 -0.000000 -0.006460
v 3.058782 0.000000 0.411406
v 4.788909 0.092665 -0.006460
v 4.788909 0.062648 0.365849
v 4.851966 -0.000000 0.411406
v 4.851966 -0.000000 -0.006460
v -6.788473 1.163987 -9.095991
v -6.788473 0.000000 -9.095991
v -6.788473 -0.000000 -6.253036
v -6.788473 1.163987 -6.253036
v -6.149523 -0.000000 -9.095991
v -6.149523 1.163987 -9.095991
v -6.149523 1.163987 -6.253036
v -6.149523 -0.000000 -6.253036
v -6.788473 1.163987 -9.095991
v -6.788473 1.163987 -6.253036
v -6.149523 1.163987 -6.253036
v -6.149523 1.163987 -9.095991
v 12.983962 5.378443 -6.466825
v 12.983962 2.689222 -6.466825
v 13.683129 2.689222 -8.124382
v 13.683129 5.378443 -8.124382
v 12.340742 -0.000000 -6.865664
v 12.340742 5.378443 -6.865664
v 12.991583 5.378443 -8.309910
v 12.991583 -0.000000 -8.309910
v 10.973779 -0.000000 -5.838705
v 10.973779 5.378443 -5.838705
v 11.184309 5.378443 -5.177237
v 11.184309 2.689222 -5.177237
v 12.983962 2.689222 -6.466825
v 12.983962 5.378443 -6.466825
v 9.175184 5.378443 -5.517177
v 9.175184 -0.000000 -5.517177
v 9.175184 2.689222 -4.826215
v 9.175184 5.378443 -4.826215
v 13.601882 2.689222 -10.014818
v 13.601882 5.378443 -10.014818
v 12.937013 5.378443 -10.014821
v 12.937013 -0.000000 -10.014821
v 9.175184 -0.000000 -4.826215
v 11.184309 -0.000000 -5.177237
v 11.184309 2.689222 -5.177237
v 9.175184 2.689222 -4.826215
v 12.983962 -0.000000 -6.466825
v 13.683129 2.689222 -8.124382
v 12.983962 -0.000000 -6.466825
v 13.683129 -0.000000 -8.124382
v 13.601882 2.689222 -10.014818
v 13.601882 -0.000000 -10.014818
v -3.246336 2.757632 -8.013531
v -3.246336 3.160177 -6.210259
v -6.761176 3.160177 -6.210259
v -6.761176 2.757632 -8.013531
v 0.268505 2.757632 -8.013531
v 0.268505 3.160177 -6.210259
v -3.246336 3.160177 -6.210259
v -3.246336 2.757632 -8.013531
v -3.246336 2.850762 -8.022066
v -6.761176 2.850762 -8.022066
v -6.761176 3.253307 -6.218793
v -3.246336 3.253307 -6.218793
v 0.268505 2.850762 -8.022066
v -3.246336 2.850762 -8.022066
v -3.246336 3.253307 -6.218793
v 0.268505 3.253306 -6.218793
v -6.761176 2.757632 -8.013531
v -6.761176 3.160177 -6.210259
v -3.246336 2.757632 -8.013531
v 0.268505 2.757632 -8.013531
v -3.246336 2.757632 -8.013531
v 0.268505 3.160177 -6.210259
v 13.601882 3.278695 -10.014818
v 12.937013 3.278695 -10.014821
v 12.937013 5.378443 -10.014821
v 13.601882 5.378443 -10.014818
v -2.739339 1.163987 -9.734941
v -2.739339 0.000000 -9.734941
v -6.788473 -0.000000 -9.734941
v -6.788473 1.163987 -9.734941
v -2.739339 -0.000000 -9.095991
v -2.739339 1.163987 -9.095991
v -6.773994 1.163987 -9.095991
v -6.773994 -0.000000 -9.095991
v -2.739339 1.431396 -9.415466
v -6.773994 1.431396 -9.415466
v -6.773994 1.163987 -9.095991
v -2.739339 1.163987 -9.095991
v -2.739339 1.163987 -9.734941
v -6.788473 1.163987 -9.734941
v 0.288023 8.764733 -2.714526
v 0.288023 8.267491 -1.788402
v 1.055838 8.267491 -1.788402
v 1.055838 8.764733 -2.714526
v 0.288023 8.267491 -1.788402
v 0.288023 8.764733 -2.714526
v 0.288023 8.696181 -2.751331
v 0.288023 8.198940 -1.825207
v 1.055838 8.267491 -1.788402
v 0.288023 8.267491 -1.788402
v 0.288023 8.198940 -1.825207
v 1.055838 8.198940 -1.825207
v 1.055838 8.764733 -2.714526
v 1.055838 8.267491 -1.788402
v 1.055838 8.198940 -1.825207
v 1.055838 8.696181 -2.751331
v 0.288023 8.764733 -2.714526
v 1.055838 8.764733 -2.714526
v 1.055838 8.696181 -2.751331
v 0.288023 8.696181 -2.751331
v 4.449732 2.479234 -0.274355
v 3.445749 2.479234 -0.274355
v 3.445749 0.079056 -0.274354
v 4.449732 0.079056 -0.274354
v -6.701537 7.597608 -3.952049
v -6.701537 6.837699 -3.952049
v -6.701537 6.837699 -3.489978
v -6.701537 7.597608 -3.489978
v 8.982801 7.597608 -3.515052
v 8.982801 6.837699 -3.515052
v 8.982801 6.837699 -3.977123
v 8.982801 7.597608 -3.977123
v 8.982801 2.322865 -3.515914
v 8.982801 1.562957 -3.515914
v 8.982800 1.562957 -3.977985
v 8.982800 2.322865 -3.977985
v 9.546172 8.386983 -5.037731
v 9.135705 8.386983 -5.037731
v 9.135705 7.590600 -6.365824
v 9.546172 7.590600 -6.365824
v 9.546172 9.183366 -3.709637
v 9.135705 9.183366 -3.709638
v 9.135705 8.386983 -5.037731
v 9.546172 8.386983 -5.037731
v 9.537251 7.519568 -6.371746
v 9.681539 7.519568 -6.371746
v 9.681539 8.310187 -5.045470
v 9.537251 8.310187 -5.045470
v 9.537251 8.310187 -5.045470
v 9.681539 8.310187 -5.045470
v 9.681539 9.100805 -3.719194
v 9.537251 9.100805 -3.719194
v 9.681539 7.519568 -6.371746
v 9.537251 7.519568 -6.371746
v 9.537251 7.577684 -6.406389
v 9.681539 7.577684 -6.406389
v 9.681539 8.310187 -5.045470
v 9.681539 7.519568 -6.371746
v 9.681539 7.577684 -6.406389
v 9.681539 8.368302 -5.080113
v 9.537251 7.519568 -6.371746
v 9.537251 8.310187 -5.045470
v 9.537251 8.368302 -5.080113
v 9.537251 7.577684 -6.406389
v 9.681539 9.100805 -3.719194
v 9.681539 8.310187 -5.045470
v 9.681539 8.368302 -5.080113
v 9.681539 9.158921 -3.753838
v 9.537251 8.310187 -5.045470
v 9.537251 9.100805 -3.719194
v 9.537251 9.158921 -3.753838
v 9.537251 8.368302 -5.080113
v 9.681540 6.898687 0.411696
v 9.537251 6.898687 0.411696
v 9.537251 7.641392 -0.983836
v 9.681540 7.641392 -0.983836
v 9.681540 8.384096 -2.379368
v 9.537251 8.384096 -2.379368
v 9.537251 9.126801 -3.774899
v 9.681540 9.126801 -3.774899
v 9.681540 7.641392 -0.983836
v 9.537251 7.641392 -0.983836
v 9.537251 8.384096 -2.379368
v 9.681540 8.384096 -2.379368
v 9.537251 6.898687 0.411696
v 9.681540 6.898687 0.411696
v 9.681540 6.958414 0.443482
v 9.537251 6.958414 0.443482
v 9.537251 7.641392 -0.983836
v 9.537251 6.898687 0.411696
v 9.537251 6.958414 0.443482
v 9.537251 7.701118 -0.952050
v 9.681540 6.898687 0.411696
v 9.681540 7.641392 -0.983836
v 9.681540 7.701118 -0.952050
v 9.681540 6.958414 0.443482
v 9.537251 9.126801 -3.774899
v 9.537251 8.384096 -2.379368
v 9.537251 8.443823 -2.347581
v 9.537251 9.186527 -3.743113
v 9.681540 8.384096 -2.379368
v 9.681540 9.126801 -3.774899
v 9.681540 9.186527 -3.743113
v 9.681540 8.443823 -2.347581
v 9.537251 8.384096 -2.379368
v 9.537251 7.641392 -0.983836
v 9.537251 7.701118 -0.952050
v 9.537251 8.443823 -2.347581
v 9.681540 7.641392 -0.983836
v 9.681540 8.384096 -2.379368
v 9.681540 8.443823 -2.347581
v 9.681540 7.701118 -0.952050
v 9.546172 7.758489 -1.040423
v 9.135705 7.758490 -1.040422
v 9.135705 8.494247 -2.418715
v 9.546172 8.494246 -2.418715
v 9.546172 8.494246 -2.418715
v 9.135705 8.494247 -2.418715
v 9.135705 9.183366 -3.709638
v 9.546172 9.183366 -3.709638
v 9.546172 6.960677 0.454117
v 9.135705 6.960677 0.454117
v 9.135705 7.758490 -1.040422
v 9.546172 7.758489 -1.040423
v -6.830326 6.835111 0.401754
v -6.830326 6.835111 0.281639
v -4.829637 6.835111 0.281639
v -4.829637 6.835111 0.401754
v 1.172429 6.835111 0.401754
v 1.172429 6.835111 0.281639
v 3.173118 6.835111 0.281639
v 3.173118 6.835111 0.401754
v -2.828948 6.835111 0.401754
v -2.828948 6.835111 0.281639
v -0.828259 6.835111 0.281639
v -0.828259 6.835111 0.401754
v 5.173807 6.835111 0.401754
v 5.173807 6.835111 0.281639
v 7.174496 6.835111 0.208121
v 7.174496 6.835111 0.401754
v -0.828259 6.835111 0.401754
v -0.828259 6.835111 0.281639
v 1.172429 6.835111 0.281639
v 1.172429 6.835111 0.401754
v -4.829637 6.835111 0.401754
v -4.829637 6.835111 0.281639
v -2.828948 6.835111 0.281639
v -2.828948 6.835111 0.401754
v 3.173118 6.835111 0.401754
v 3.173118 6.835111 0.281639
v 5.173807 6.835111 0.281639
v 5.173807 6.835111 0.401754
v 7.174496 6.835111 0.401754
v 7.174496 6.835111 0.208121
v 9.175184 6.835111 0.208121
v 9.175184 6.835111 0.401754
v -6.830326 6.835111 0.281639
v -6.830326 6.835111 0.401754
v -6.830326 6.902769 0.401754
v -6.830326 6.902769 0.281639
v -4.829637 6.835111 0.281639
v -6.830326 6.835111 0.281639
v -6.830326 6.902769 0.281639
v -4.829637 6.902769 0.281639
v 9.175184 6.835111 0.401754
v 9.175184 6.835111 0.208121
v 9.175184 6.902769 0.208121
v 9.175184 6.902769 0.401754
v -6.830326 6.835111 0.401754
v -4.829637 6.835111 0.401754
v -4.829637 6.902769 0.401754
v -6.830326 6.902769 0.401754
v 3.173118 6.835111 0.281639
v 1.172429 6.835111 0.281639
v 1.172429 6.902769 0.281639
v 3.173118 6.902769 0.281639
v 1.172429 6.835111 0.401754
v 3.173118 6.835111 0.401754
v 3.173118 6.902769 0.401754
v 1.172429 6.902769 0.401754
v -0.828259 6.835111 0.281639
v -2.828948 6.835111 0.281639
v -2.828948 6.902769 0.281639
v -0.828259 6.902769 0.281639
v -2.828948 6.835111 0.401754
v -0.828259 6.835111 0.401754
v -0.828259 6.902769 0.401754
v -2.828948 6.902769 0.401754
v 7.174496 6.835111 0.208121
v 5.173807 6.835111 0.281639
v 5.173807 6.902769 0.281639
v 7.174496 6.902769 0.208121
v 5.173807 6.835111 0.401754
v 7.174496 6.835111 0.401754
v 7.174496 6.902769 0.401754
v 5.173807 6.902769 0.401754
v 1.172429 6.835111 0.281639
v -0.828259 6.835111 0.281639
v -0.828259 6.902769 0.281639
v 1.172429 6.902769 0.281639
v -0.828259 6.835111 0.401754
v 1.172429 6.835111 0.401754
v 1.172429 6.902769 0.401754
v -0.828259 6.902769 0.401754
v -2.828948 6.835111 0.281639
v -4.829637 6.835111 0.281639
v -4.829637 6.902769 0.281639
v -2.828948 6.902769 0.281639
v -4.829637 6.835111 0.401754
v -2.828948 6.835111 0.401754
v -2.828948 6.902769 0.401754
v -4.829637 6.902769 0.401754
v 5.173807 6.835111 0.281639
v 3.173118 6.835111 0.281639
v 3.173118 6.902769 0.281639
v 5.173807 6.902769 0.281639
v 3.173118 6.835111 0.401754
v 5.173807 6.835111 0.401754
v 5.173807 6.902769 0.401754
v 3.173118 6.902769 0.401754
v 9.175184 6.835111 0.208121
v 7.174496 6.835111 0.208121
v 7.174496 6.902769 0.208121
v 9.175184 6.902769 0.208121
v 7.174496 6.835111 0.401754
v 9.175184 6.835111 0.401754
v 9.175184 6.902769 0.401754
v 7.174496 6.902769 0.401754
v -6.837473 6.902769 0.389293
v -6.830326 6.902769 0.000000
v -4.829637 6.902769 0.000000
v -4.836784 6.902769 0.389293
v 1.165283 6.902769 0.389293
v 1.172429 6.902769 0.000000
v 3.173118 6.902769 0.000000
v 3.165971 6.902769 0.389293
v -2.836095 6.902769 0.389293
v -2.828948 6.902769 0.000000
v -0.828259 6.902769 0.000000
v -0.835406 6.902769 0.389293
v 5.166659 6.902769 0.389293
v 5.173807 6.902769 0.000000
v 7.174496 6.902769 0.000000
v 7.167348 6.902769 0.389293
v -0.835406 6.902769 0.389293
v -0.828259 6.902769 0.000000
v 1.172429 6.902769 0.000000
v 1.165283 6.902769 0.389293
v -4.836784 6.902769 0.389293
v -4.829637 6.902769 0.000000
v -2.828948 6.902769 0.000000
v -2.836095 6.902769 0.389293
v 3.165971 6.902769 0.389293
v 3.173118 6.902769 0.000000
v 5.173807 6.902769 0.000000
v 5.166659 6.902769 0.389293
v 7.167348 6.902769 0.389293
v 7.174496 6.902769 0.000000
v 9.175265 6.902769 -0.004361
v 9.168118 6.902769 0.384932
v 12.340742 5.378443 -6.865664
v 12.983962 5.378443 -6.466825
v 13.683129 5.378443 -8.124382
v 12.991583 5.378443 -8.309910
v 10.973779 5.378443 -5.838705
v 11.184309 5.378443 -5.177237
v 12.983962 5.378443 -6.466825
v 12.340742 5.378443 -6.865664
v 9.175184 5.378443 -4.826215
v 11.184309 5.378443 -5.177237
v 10.973779 5.378443 -5.838705
v 9.175184 5.378443 -5.517177
v 12.991583 5.378443 -8.309910
v 13.683129 5.378443 -8.124382
v 13.601882 5.378443 -10.014818
v 12.937013 5.378443 -10.014821
v 13.683129 5.378443 -8.124382
v 12.983962 5.378443 -6.466825
v 13.075759 5.276002 -6.381313
v 13.791779 5.276002 -8.078820
v 12.983962 5.378443 -6.466825
v 11.184309 5.378443 -5.177237
v 11.232732 5.276002 -5.060644
v 13.075759 5.276002 -6.381313
v 11.184309 5.378443 -5.177237
v 9.175184 5.378443 -4.826215
v 9.175184 5.276002 -4.701162
v 11.232732 5.276002 -5.060644
v 13.601882 5.378443 -10.014818
v 13.683129 5.378443 -8.124382
v 13.791779 5.276002 -8.078820
v 13.708571 5.276002 -10.014818
v 9.169286 2.465892 -13.720759
v 13.601882 2.465892 -13.720759
v 13.601882 -0.000000 -13.720759
v 9.169286 -0.000000 -13.720759
v 13.601882 -0.000000 -11.818925
v 13.601882 -0.000000 -13.720759
v 13.601882 2.465892 -13.720759
v 13.601882 3.956171 -11.818925
v 9.169286 -0.000000 -13.720759
v 9.169286 -0.000000 -11.818925
v 9.169286 3.956171 -11.818925
v 9.169286 2.465892 -13.720759
v 13.601882 3.956171 -10.014818
v 13.601882 -0.000000 -10.014818
v 9.169286 -0.000000 -10.014818
v 9.169286 3.956171 -10.014818
v 9.169286 3.956171 -10.014818
v 9.169286 -0.000000 -10.014818
v 9.169286 -0.000000 -7.954685
v 9.169286 5.227802 -7.954685
v 9.169286 5.227802 -7.954685
v 9.169286 -0.000000 -7.954685
v 9.169286 -0.000000 -6.253035
v 9.169286 5.227802 -6.253035
v 9.020813 4.023396 -11.818928
v 13.750353 4.023396 -11.818928
v 13.750353 2.533117 -13.720759
v 9.020813 2.533117 -13.720759
v 13.750353 4.023396 -11.818928
v 9.020813 4.023396 -11.818928
v 9.020813 4.023396 -10.014818
v 13.750353 4.023396 -10.014818
v 9.175184 2.483380 -6.253035
v 9.175184 5.154868 -6.253036
v -6.830325 5.609892 -0.000000
v -6.251091 5.609892 -0.000000
v -6.251091 7.200001 -0.000000
v -6.830325 7.200001 -0.000000
v -6.830325 5.154868 -0.000000
v -6.251091 5.154868 -0.000000
v -6.251091 5.345255 -0.000000
v -6.830325 5.345255 -0.000000
v -6.830325 -0.000000 -0.000000
v -6.251091 -0.000000 -0.000000
v -6.251091 2.483380 -0.000000
v -6.830325 2.483380 -0.000000
v -6.830325 2.483380 -0.424885
v -6.830326 -0.000000 -0.424885
v -6.830323 2.483380 -6.253035
v -6.830324 2.483380 -3.072575
v -6.830325 5.345255 -3.126683
v -6.830325 5.345255 -6.253036
v -6.830325 -0.000000 -6.253036
v -6.830325 -0.000000 -3.072576
v -6.830324 2.483380 -3.072575
v -6.830323 2.483380 -6.253035
v -6.830325 2.483380 -0.424885
v -6.830326 5.345255 -0.424885
v -6.830326 -0.000000 -0.424885
v -6.830325 2.483380 -0.424885
v -6.251091 5.609892 -0.000000
v -6.830325 5.609892 -0.000000
v -6.251091 2.483380 -0.000000
v -6.251091 5.154868 -0.000000
v 9.175184 5.609892 -0.000000
v 9.175184 7.200001 -0.000000
v 9.175184 7.200001 -6.253036
v 9.175184 5.609891 -6.253036
v 9.175184 5.154868 -0.000000
v 9.175184 5.154868 -0.437300
v 9.175184 5.609892 -0.947206
v 9.175184 5.609892 -0.000000
v 9.175184 5.609891 -6.253036
v 9.175184 5.609890 -4.772873
v 9.175184 5.154866 -4.773793
v 9.175184 5.154868 -6.253036
v 9.175184 7.597608 -3.515914
v 9.175184 7.200001 -3.515914
v 8.977112 7.200001 -3.515914
v 8.977112 7.597608 -3.515914
v 9.175184 7.597608 -3.746088
v 9.175184 7.597608 -3.515914
v 8.977112 7.597608 -3.515914
v 8.977112 7.597608 -3.746088
v 9.175184 7.597608 -3.974651
v 8.977112 7.597608 -3.974651
v 9.175184 7.200001 -3.974651
v 9.175184 7.597608 -3.974651
v 8.977112 7.597608 -3.974651
v 8.977112 7.200001 -3.974651
v 9.175184 6.845507 -3.974651
v 8.977112 6.845507 -3.974651
v 9.175184 6.845507 -3.746088
v 9.175184 6.845507 -3.974651
v 8.977112 6.845507 -3.974651
v 8.977112 6.845507 -3.746088
v 9.175184 6.845508 -3.515914
v 8.977112 6.845508 -3.515914
v 9.175184 6.845508 -3.515914
v 8.977112 6.845508 -3.515914
v 9.175184 7.597608 -3.515914
v 9.175184 7.763009 -3.366684
v 9.175184 7.196468 -3.366684
v 9.175184 7.200001 -3.515914
v 9.175184 7.597608 -3.974651
v 9.175184 7.763009 -4.118780
v 9.175184 7.763009 -3.746456
v 9.175184 7.597608 -3.746088
v 9.175184 6.687910 -3.746457
v 9.175184 6.687911 -4.118780
v 9.175184 6.845507 -3.974651
v 9.175184 6.845507 -3.746088
v 9.175184 6.687911 -3.366683
v 9.175184 6.845508 -3.515914
v 9.175184 7.763009 -3.366684
v 9.175184 7.597608 -3.515914
v 9.175184 7.196468 -4.118780
v 9.175184 7.763009 -4.118780
v 9.175184 7.597608 -3.974651
v 9.175184 7.200001 -3.974651
v 9.175184 6.845507 -3.974651
v 9.175184 6.687911 -4.118780
v 9.175184 6.845508 -3.515914
v 9.175184 6.687911 -3.366683
v -6.662051 7.592552 -3.952049
v -6.662051 7.592552 -3.489978
v -6.662051 6.836219 -3.952049
v -6.662051 7.592552 -3.952049
v -6.662051 6.836219 -3.489978
v -6.662051 6.836219 -3.952049
v -6.662051 7.592552 -3.489978
v -6.662051 6.836219 -3.489978
v 9.175184 5.154868 -3.746088
v 9.175184 5.609891 -3.746088
v 9.175184 7.763009 -3.746456
v 9.175184 5.609891 -3.746088
v 9.175184 5.154868 -3.746088
v 9.533870 7.735227 -5.493675
v 9.533870 7.664245 -5.613499
v 9.667454 7.909472 -5.758766
v 9.667454 7.980453 -5.638942
v 9.175185 7.735227 -5.493675
v 9.175185 7.664245 -5.613499
v 9.533870 7.664245 -5.613499
v 9.533870 7.735227 -5.493675
v 9.533870 7.664245 -5.613499
v 9.175185 7.664245 -5.613499
v 9.175185 7.909472 -5.758766
v 9.667454 7.909472 -5.758766
v 9.175185 7.735227 -5.493675
v 9.533870 7.735227 -5.493675
v 9.667454 7.980453 -5.638942
v 9.175185 7.980453 -5.638942
v 9.533870 8.297581 -4.544355
v 9.533870 8.226600 -4.664179
v 9.667454 8.471828 -4.809446
v 9.667454 8.542808 -4.689622
v 9.175185 8.297581 -4.544355
v 9.175185 8.226600 -4.664179
v 9.533870 8.226600 -4.664179
v 9.533870 8.297581 -4.544355
v 9.533870 8.226600 -4.664179
v 9.175185 8.226600 -4.664179
v 9.175185 8.471828 -4.809446
v 9.667454 8.471828 -4.809446
v 9.175185 8.297581 -4.544355
v 9.533870 8.297581 -4.544355
v 9.667454 8.542808 -4.689622
v 9.175185 8.542808 -4.689622
v -7.109097 8.466877 -5.005846
v -7.109097 8.414415 -4.974929
v -7.109097 9.171931 -3.689516
v -7.109097 9.224394 -3.720433
v 9.700673 9.224393 -3.720432
v 9.700673 9.171930 -3.689515
v 9.700673 8.414415 -4.974929
v 9.700673 8.466877 -5.005846
v 9.700673 7.651510 -6.389428
v 9.700673 7.599047 -6.358510
v -7.109097 7.599049 -6.358511
v -7.109097 7.651511 -6.389429
v -7.109097 7.651511 -6.389429
v -7.109097 7.599049 -6.358511
v -7.109097 8.414415 -4.974929
v -7.109097 8.466877 -5.005846
v 9.700673 8.466877 -5.005846
v 9.700673 8.414415 -4.974929
v 9.700673 7.599047 -6.358510
v 9.700673 7.651510 -6.389428
v 9.700673 8.466877 -5.005846
v 5.498231 8.466877 -5.005846
v 5.498231 9.224393 -3.720432
v 9.700673 9.224393 -3.720432
v 9.700673 7.651510 -6.389428
v 5.498231 7.651510 -6.389428
v 5.498231 8.466877 -5.005846
v 9.700673 8.466877 -5.005846
v 1.295789 8.466877 -5.005846
v -2.906654 8.466877 -5.005846
v -2.906654 9.224394 -3.720433
v 1.295789 9.224393 -3.720432
v 1.295789 7.651510 -6.389428
v -2.906654 7.651511 -6.389429
v -2.906654 8.466877 -5.005846
v 1.295789 8.466877 -5.005846
v -2.906654 8.466877 -5.005846
v -7.109097 8.466877 -5.005846
v -7.109097 9.224394 -3.720433
v -2.906654 9.224394 -3.720433
v -2.906654 7.651511 -6.389429
v -7.109097 7.651511 -6.389429
v -7.109097 8.466877 -5.005846
v -2.906654 8.466877 -5.005846
v 5.498231 8.466877 -5.005846
v 1.295789 8.466877 -5.005846
v 1.295789 9.224393 -3.720432
v 5.498231 9.224393 -3.720432
v 5.498231 7.651510 -6.389428
v 1.295789 7.651510 -6.389428
v 1.295789 8.466877 -5.005846
v 5.498231 8.466877 -5.005846
v -7.109097 7.820931 -1.117875
v -7.109097 8.611450 -2.583801
v -7.109097 8.557854 -2.612705
v -7.109097 7.767334 -1.146778
v 9.700673 8.611450 -2.583802
v 9.700673 7.820931 -1.117875
v 9.700673 7.767334 -1.146778
v 9.700673 8.557852 -2.612705
v -7.109097 8.611450 -2.583801
v -7.109097 9.224394 -3.720431
v -7.109097 9.170795 -3.749335
v -7.109097 8.557854 -2.612705
v 9.700673 9.224393 -3.720431
v 9.700673 8.611450 -2.583802
v 9.700673 8.557852 -2.612705
v 9.700673 9.170794 -3.749335
v 9.700673 6.970041 0.460004
v -7.109097 6.970042 0.460005
v -7.109097 6.916445 0.431101
v 9.700673 6.916442 0.431100
v -7.109097 6.970042 0.460005
v -7.109097 7.820931 -1.117875
v -7.109097 7.767334 -1.146778
v -7.109097 6.916445 0.431101
v 9.700673 7.820931 -1.117875
v 9.700673 6.970041 0.460004
v 9.700673 6.916442 0.431100
v 9.700673 7.767334 -1.146778
v 9.700673 7.820931 -1.117875
v 9.700673 8.611450 -2.583802
v 5.498231 8.611450 -2.583802
v 5.498231 7.820931 -1.117875
v 9.700673 8.611450 -2.583802
v 9.700673 9.224390 -3.720433
v 5.498231 9.224390 -3.720433
v 5.498231 8.611450 -2.583802
v 9.700673 6.970041 0.460004
v 9.700673 7.820931 -1.117875
v 5.498231 7.820931 -1.117875
v 5.498231 6.970041 0.460004
v 1.295789 8.611450 -2.583802
v 1.295789 9.224390 -3.720433
v -2.906654 9.224391 -3.720433
v -2.906654 8.611450 -2.583801
v 1.295789 7.820931 -1.117875
v 1.295789 8.611450 -2.583802
v -2.906654 8.611450 -2.583801
v -2.906654 7.820931 -1.117875
v 1.295789 6.970041 0.460004
v 1.295789 7.820931 -1.117875
v -2.906654 7.820931 -1.117875
v -2.906654 6.970042 0.460005
v -2.906654 8.611450 -2.583801
v -2.906654 9.224391 -3.720433
v -7.109097 9.224391 -3.720433
v -7.109097 8.611450 -2.583801
v -2.906654 7.820931 -1.117875
v -2.906654 8.611450 -2.583801
v -7.109097 8.611450 -2.583801
v -7.109097 7.820931 -1.117875
v -2.906654 6.970042 0.460005
v -2.906654 7.820931 -1.117875
v -7.109097 7.820931 -1.117875
v -7.109097 6.970042 0.460005
v 5.498231 8.611450 -2.583802
v 5.498231 9.224390 -3.720433
v 1.295789 9.224390 -3.720433
v 1.295789 8.611450 -2.583802
v 5.498231 7.820931 -1.117875
v 5.498231 8.611450 -2.583802
v 1.295789 8.611450 -2.583802
v 1.295789 7.820931 -1.117875
v 5.498231 6.970041 0.460004
v 5.498231 7.820931 -1.117875
v 1.295789 7.820931 -1.117875
v 1.295789 6.970041 0.460004
v 5.803833 6.914318 0.345881
v 5.803834 6.837615 0.466105
v 5.767434 6.837615 0.466105
v 5.767433 6.914318 0.345881
v 5.803833 6.928065 0.588939
v 5.767433 6.928065 0.588939
v 7.785609 6.914318 0.345881
v 7.785609 6.837615 0.466105
v 7.749209 6.837615 0.466105
v 7.749209 6.914317 0.345881
v 7.785609 6.928066 0.588939
v 7.749209 6.928066 0.588939
v 3.803856 6.852584 0.467409
v 3.803856 6.906919 0.380865
v 5.785633 6.906920 0.380865
v 5.785633 6.852584 0.467409
v 5.785632 6.906559 0.553953
v 3.803856 6.906559 0.553953
v 5.785633 6.852584 0.467409
v 5.785633 6.906920 0.380865
v 7.767409 6.906920 0.380865
v 7.767409 6.852585 0.467409
v 7.767409 6.906559 0.553953
v 5.785632 6.906559 0.553953
v 3.803856 6.852584 0.467409
v 3.803856 6.906559 0.553953
v 1.822079 6.906559 0.553953
v 1.822079 6.852584 0.467409
v 1.822079 6.906919 0.380865
v 3.803856 6.906919 0.380865
v 9.441407 6.852583 0.467409
v 9.441407 6.906559 0.553953
v 7.767409 6.906559 0.553953
v 7.767409 6.852585 0.467409
v 7.767409 6.906920 0.380865
v 9.441407 6.906919 0.380865
v 3.822056 6.914317 0.345881
v 3.822057 6.837615 0.466105
v 3.785655 6.837615 0.466105
v 3.785656 6.914317 0.345881
v 3.822056 6.928066 0.588939
v 3.785656 6.928066 0.588939
v 1.840279 6.914317 0.345881
v 1.840279 6.837615 0.466105
v 1.803879 6.837615 0.466105
v 1.803879 6.914317 0.345881
v 1.840279 6.928066 0.588939
v 1.803879 6.928066 0.588939
v 8.880033 3.299496 0.024888
v 8.835302 3.299496 0.079259
v 8.835302 4.949244 0.079259
v 8.880033 4.949244 0.024888
v 8.835302 3.299496 0.079259
v 8.869500 3.299496 0.138690
v 8.869500 4.949244 0.138690
v 8.835302 4.949244 0.079259
v 8.948427 3.299496 0.143752
v 8.948427 4.949244 0.143752
v 8.993156 3.299496 0.089382
v 8.993156 4.949244 0.089382
v 8.993156 3.299496 0.089382
v 8.958960 3.299496 0.029950
v 8.958960 4.949244 0.029950
v 8.993156 4.949244 0.089382
v 8.820867 0.019559 0.078333
v 9.007592 0.019559 0.090308
v 8.880033 1.649748 0.024888
v 8.835302 1.649748 0.079259
v 8.835302 3.299496 0.079259
v 8.880033 3.299496 0.024888
v 8.835302 1.649748 0.079259
v 8.869500 1.649748 0.138690
v 8.869500 3.299496 0.138690
v 8.835302 3.299496 0.079259
v 8.948427 1.649748 0.143752
v 8.948427 3.299496 0.143752
v 8.993156 1.649748 0.089382
v 8.993156 3.299496 0.089382
v 8.993156 1.649748 0.089382
v 8.958960 1.649748 0.029950
v 8.958960 3.299496 0.029950
v 8.993156 3.299496 0.089382
v 8.958960 4.949244 0.029950
v 8.880033 4.949244 0.024888
v 8.880033 6.126039 0.024888
v 8.958960 6.126039 0.029950
v 8.993156 4.949244 0.089382
v 8.993156 6.126039 0.089382
v 8.948427 4.949244 0.143752
v 8.993156 4.949244 0.089382
v 8.993156 6.126039 0.089382
v 8.948427 6.126039 0.143752
v 8.869500 4.949244 0.138690
v 8.869500 6.126039 0.138690
v 8.835302 4.949244 0.079259
v 8.835302 6.126039 0.079259
v 8.835302 4.949244 0.079259
v 8.835302 6.126039 0.079259
v 8.873778 0.404331 0.014018
v 8.820867 0.404331 0.078333
v 8.795654 0.466667 0.076716
v 8.862854 0.466667 -0.004967
v 8.820867 0.404331 0.078333
v 8.861320 0.404331 0.148635
v 8.847031 0.466667 0.166003
v 8.795654 0.466667 0.076716
v 8.954682 0.404331 0.154622
v 8.965606 0.466667 0.173607
v 9.007592 0.404331 0.090308
v 9.032805 0.466667 0.091925
v 9.007592 0.404331 0.090308
v 8.967140 0.404331 0.020006
v 8.981429 0.466667 0.002637
v 9.032805 0.466667 0.091925
v 8.873778 0.019559 0.014018
v 8.820867 0.019559 0.078333
v 8.820867 0.019559 0.078333
v 8.861320 0.019559 0.148635
v 8.954682 0.019559 0.154622
v 9.007592 0.019559 0.090308
v 9.007592 0.019559 0.090308
v 8.967140 0.019559 0.020006
v 8.880033 0.477832 0.024888
v 8.958960 0.477832 0.029950
v 8.993156 0.477832 0.089382
v 8.993156 0.477832 0.089382
v 8.948427 0.477832 0.143752
v 8.869499 0.477832 0.138690
v 8.835302 0.477832 0.079259
v 8.835302 0.477832 0.079259
v 8.958960 0.477832 0.029950
v 8.880033 0.477832 0.024888
v 8.880033 1.649748 0.024888
v 8.958960 1.649748 0.029950
v 8.993156 0.477832 0.089382
v 8.993156 1.649748 0.089382
v 8.948427 0.477832 0.143752
v 8.993156 0.477832 0.089382
v 8.993156 1.649748 0.089382
v 8.948427 1.649748 0.143752
v 8.869499 0.477832 0.138690
v 8.869500 1.649748 0.138690
v 8.835302 0.477832 0.079259
v 8.835302 1.649748 0.079259
v 8.835302 0.477832 0.079259
v 8.835302 1.649748 0.079259
v 8.802763 6.110888 0.084320
v 8.858496 6.110888 0.164681
v 8.858496 6.141189 0.164681
v 8.802763 6.141189 0.084320
v 8.969966 6.110888 0.164680
v 8.969966 6.141189 0.164680
v 9.025700 6.110888 0.084320
v 9.025700 6.141189 0.084320
v 9.025700 6.110888 0.084320
v 8.969966 6.110888 0.003959
v 8.969966 6.141189 0.003959
v 9.025700 6.141189 0.084320
v 8.802763 6.110888 0.084320
v 8.802763 6.141189 0.084320
v 8.951716 6.110888 0.030272
v 8.839260 6.110888 0.084320
v 8.802763 6.110888 0.084320
v 8.969966 6.110888 0.003959
v 8.858496 6.110888 0.164681
v 8.802763 6.110888 0.084320
v 8.839260 6.110888 0.084320
v 8.876745 6.110888 0.138368
v 8.802763 6.141189 0.084320
v 8.858496 6.141189 0.164681
v 8.876745 6.141189 0.138368
v 8.839260 6.141189 0.084320
v 8.969966 6.110888 0.164680
v 8.858496 6.110888 0.164681
v 8.876745 6.110888 0.138368
v 8.951716 6.110888 0.138368
v 8.858496 6.141189 0.164681
v 8.969966 6.141189 0.164680
v 8.951716 6.141189 0.138368
v 8.876745 6.141189 0.138368
v 9.025700 6.110888 0.084320
v 8.969966 6.110888 0.164680
v 8.951716 6.110888 0.138368
v 8.989202 6.110888 0.084320
v 8.969966 6.141189 0.164680
v 9.025700 6.141189 0.084320
v 8.989202 6.141189 0.084320
v 8.951716 6.141189 0.138368
v 8.969966 6.110888 0.003959
v 9.025700 6.110888 0.084320
v 8.989202 6.110888 0.084320
v 8.951716 6.110888 0.030272
v 9.025700 6.141189 0.084320
v 8.969966 6.141189 0.003959
v 8.951716 6.141189 0.030272
v 8.989202 6.141189 0.084320
v 8.839260 6.141189 0.084320
v 8.951716 6.141189 0.030272
v 8.969966 6.141189 0.003959
v 8.802763 6.141189 0.084320
v 8.986439 6.906305 0.487843
v 9.057551 6.906305 0.442047
v 9.057551 6.519592 0.442047
v 8.986439 6.519592 0.487843
v 9.140155 6.519592 0.456282
v 9.140155 6.906305 0.456282
v 9.118142 6.519592 0.519581
v 9.140155 6.519592 0.456282
v 9.140155 6.906305 0.456282
v 9.118142 6.906305 0.519581
v 9.041285 6.519592 0.535362
v 9.041285 6.906305 0.535362
v 8.986439 6.519592 0.487843
v 8.986439 6.906305 0.487843
v 8.956675 6.355814 0.412746
v 9.001194 6.307696 0.434213
v 9.077172 6.303598 0.416214
v 9.108631 6.347618 0.376747
v 9.108631 6.347618 0.376747
v 9.030293 6.368178 0.373245
v 8.956675 6.355814 0.412746
v 8.837382 6.126039 0.100376
v 8.892228 6.126039 0.147895
v 8.896185 6.218084 0.157877
v 8.842679 6.231782 0.113740
v 8.969086 6.126039 0.132115
v 8.972928 6.216918 0.141809
v 8.991097 6.126039 0.068815
v 8.996167 6.229449 0.081603
v 8.991097 6.126039 0.068815
v 8.908495 6.126039 0.054581
v 8.913967 6.235317 0.068353
v 8.996167 6.229449 0.081603
v 8.837382 6.126039 0.100376
v 8.842679 6.231782 0.113740
v 8.913426 6.249893 0.201379
v 8.868905 6.298012 0.179911
v 8.989404 6.245796 0.183379
v 9.020864 6.289816 0.143913
v 8.942526 6.310377 0.140410
v 9.020864 6.289816 0.143913
v 8.868905 6.298012 0.179911
v -2.451302 6.914318 0.345881
v -2.451301 6.837615 0.466105
v -2.493882 6.837615 0.466105
v -2.493882 6.914318 0.345881
v -2.451302 6.928065 0.588939
v -2.493882 6.928065 0.588939
v -0.133049 6.914318 0.345881
v -0.133049 6.837615 0.466105
v -0.175630 6.837615 0.466105
v -0.175630 6.914317 0.345881
v -0.133049 6.928066 0.588939
v -0.175630 6.928066 0.588939
v -4.790844 6.852584 0.467409
v -4.790844 6.906919 0.380865
v -2.472592 6.906920 0.380865
v -2.472592 6.852584 0.467409
v -2.472592 6.906559 0.553953
v -4.790844 6.906559 0.553953
v -2.472592 6.852584 0.467409
v -2.472592 6.906920 0.380865
v -0.154340 6.906920 0.380865
v -0.154340 6.852585 0.467409
v -0.154340 6.906559 0.553953
v -2.472592 6.906559 0.553953
v -4.790844 6.852584 0.467409
v -4.790844 6.906559 0.553953
v -7.109097 6.906559 0.553953
v -7.109097 6.852584 0.467409
v -7.109097 6.906919 0.380865
v -4.790844 6.906919 0.380865
v 1.803878 6.852583 0.467409
v 1.803878 6.906559 0.553953
v -0.154340 6.906559 0.553953
v -0.154340 6.852585 0.467409
v -0.154340 6.906920 0.380865
v 1.803878 6.906919 0.380865
v -4.769555 6.914317 0.345881
v -4.769556 6.837615 0.466105
v -4.812137 6.837615 0.466105
v -4.812135 6.914317 0.345881
v -4.769555 6.928066 0.588939
v -4.812135 6.928066 0.588939
v -6.588090 3.284346 0.017451
v -6.672743 3.284346 0.041514
v -6.672743 3.314647 0.041514
v -6.588090 3.314647 0.017451
v -6.672743 3.284346 0.041514
v -6.690036 3.284346 0.114574
v -6.690036 3.314647 0.114574
v -6.672743 3.314647 0.041514
v -6.622675 3.284346 0.163571
v -6.622675 3.314647 0.163571
v -6.538023 3.284346 0.139509
v -6.538023 3.314647 0.139509
v -6.538023 3.284346 0.139509
v -6.520730 3.284346 0.066449
v -6.520730 3.314647 0.066449
v -6.538023 3.314647 0.139509
v -6.584159 3.299496 0.027025
v -6.660818 3.299496 0.043467
v -6.660818 4.949244 0.043467
v -6.584159 4.949244 0.027025
v -6.660818 3.299496 0.043467
v -6.682042 3.299496 0.106952
v -6.682042 4.949244 0.106952
v -6.660818 4.949244 0.043467
v -6.626609 3.299496 0.153997
v -6.626609 4.949244 0.153997
v -6.549951 3.299496 0.137555
v -6.549951 4.949244 0.137555
v -6.549951 3.299496 0.137555
v -6.528726 3.299496 0.074070
v -6.528726 4.949244 0.074070
v -6.549951 4.949244 0.137555
v -6.696063 0.019559 0.109959
v -6.670956 0.019559 0.034862
v -6.514706 0.019559 0.071063
v -6.584159 1.649748 0.027025
v -6.660818 1.649748 0.043467
v -6.660818 3.299496 0.043467
v -6.584159 3.299496 0.027025
v -6.660818 1.649748 0.043467
v -6.682042 1.649748 0.106952
v -6.682042 3.299496 0.106952
v -6.660818 3.299496 0.043467
v -6.626609 1.649748 0.153997
v -6.626609 3.299496 0.153997
v -6.549951 1.649748 0.137555
v -6.549951 3.299496 0.137555
v -6.549951 1.649748 0.137555
v -6.528726 1.649748 0.074070
v -6.528726 3.299496 0.074070
v -6.549951 3.299496 0.137555
v -6.528726 4.949244 0.074070
v -6.584159 4.949244 0.027025
v -6.584159 6.126039 0.027025
v -6.528726 6.126039 0.074070
v -6.549951 4.949244 0.137555
v -6.549951 6.126039 0.137555
v -6.626609 4.949244 0.153997
v -6.549951 4.949244 0.137555
v -6.549951 6.126039 0.137555
v -6.626609 6.126039 0.153997
v -6.682042 4.949244 0.106952
v -6.682042 6.126039 0.106952
v -6.660818 4.949244 0.043467
v -6.660818 6.126039 0.043467
v -6.660818 4.949244 0.043467
v -6.660818 6.126039 0.043467
v -6.580278 0.404331 0.015414
v -6.670956 0.404331 0.034862
v -6.688664 0.466667 0.019834
v -6.573498 0.466667 -0.004866
v -6.670956 0.404331 0.034862
v -6.696063 0.404331 0.109959
v -6.720551 0.466667 0.115212
v -6.688664 0.466667 0.019834
v -6.630492 0.404331 0.165608
v -6.637270 0.466667 0.185888
v -6.539812 0.404331 0.146160
v -6.522104 0.466667 0.161188
v -6.539812 0.404331 0.146160
v -6.514706 0.404331 0.071063
v -6.490218 0.466667 0.065811
v -6.522104 0.466667 0.161188
v -6.580278 0.019559 0.015414
v -6.670956 0.019559 0.034862
v -6.670956 0.019559 0.034862
v -6.696063 0.019559 0.109959
v -6.630492 0.019559 0.165608
v -6.539812 0.019559 0.146160
v -6.539812 0.019559 0.146160
v -6.514706 0.019559 0.071063
v -6.584159 0.477832 0.027025
v -6.528726 0.477832 0.074070
v -6.549951 0.477832 0.137555
v -6.549951 0.477832 0.137555
v -6.626609 0.477832 0.153996
v -6.682043 0.477832 0.106952
v -6.660818 0.477832 0.043467
v -6.660818 0.477832 0.043467
v -6.528726 0.477832 0.074070
v -6.584159 0.477832 0.027025
v -6.584159 1.649748 0.027025
v -6.528726 1.649748 0.074070
v -6.549951 0.477832 0.137555
v -6.549951 1.649748 0.137555
v -6.626609 0.477832 0.153996
v -6.549951 0.477832 0.137555
v -6.549951 1.649748 0.137555
v -6.626609 1.649748 0.153997
v -6.682043 0.477832 0.106952
v -6.682042 1.649748 0.106952
v -6.660818 0.477832 0.043467
v -6.660818 1.649748 0.043467
v -6.660818 0.477832 0.043467
v -6.660818 1.649748 0.043467
v -6.583834 6.110888 -0.000530
v -6.689321 6.110888 0.029455
v -6.689321 6.141189 0.029455
v -6.583834 6.141189 -0.000530
v -6.689321 6.110888 0.029455
v -6.710871 6.110888 0.120496
v -6.710871 6.141189 0.120496
v -6.689321 6.141189 0.029455
v -6.626932 6.110888 0.181553
v -6.626932 6.141189 0.181553
v -6.521445 6.110888 0.151569
v -6.521445 6.141189 0.151569
v -6.521445 6.110888 0.151569
v -6.499896 6.110888 0.060527
v -6.499896 6.141189 0.060527
v -6.521445 6.141189 0.151569
v -6.689321 6.110888 0.029455
v -6.583834 6.110888 -0.000530
v -6.590890 6.110888 0.029280
v -6.661838 6.110888 0.049446
v -6.583834 6.141189 -0.000530
v -6.689321 6.141189 0.029455
v -6.661838 6.141189 0.049446
v -6.590890 6.141189 0.029280
v -6.710871 6.110888 0.120496
v -6.689321 6.110888 0.029455
v -6.661838 6.110888 0.049446
v -6.676332 6.110888 0.110678
v -6.689321 6.141189 0.029455
v -6.710871 6.141189 0.120496
v -6.676332 6.141189 0.110678
v -6.661838 6.141189 0.049446
v -6.626932 6.110888 0.181553
v -6.710871 6.110888 0.120496
v -6.676332 6.110888 0.110678
v -6.619876 6.110888 0.151744
v -6.710871 6.141189 0.120496
v -6.626932 6.141189 0.181553
v -6.619876 6.141189 0.151744
v -6.676332 6.141189 0.110678
v -6.521445 6.110888 0.151569
v -6.626932 6.110888 0.181553
v -6.619876 6.110888 0.151744
v -6.548928 6.110888 0.131577
v -6.626932 6.141189 0.181553
v -6.521445 6.141189 0.151569
v -6.548928 6.141189 0.131577
v -6.619876 6.141189 0.151744
v -6.499896 6.110888 0.060527
v -6.521445 6.110888 0.151569
v -6.548928 6.110888 0.131577
v -6.534435 6.110888 0.070345
v -6.521445 6.141189 0.151569
v -6.499896 6.141189 0.060527
v -6.534435 6.141189 0.070345
v -6.548928 6.141189 0.131577
v -6.583834 6.110888 -0.000530
v -6.499896 6.110888 0.060527
v -6.534435 6.110888 0.070345
v -6.590890 6.110888 0.029280
v -6.499896 6.141189 0.060527
v -6.583834 6.141189 -0.000530
v -6.590890 6.141189 0.029280
v -6.534435 6.141189 0.070345
v -6.775109 6.906305 0.418989
v -6.729263 6.906305 0.494358
v -6.729263 6.519592 0.494358
v -6.775109 6.519592 0.418989
v -6.795873 6.519592 0.529967
v -6.729263 6.519592 0.494358
v -6.729263 6.906305 0.494358
v -6.795873 6.906305 0.529967
v -6.866222 6.519592 0.499751
v -6.866222 6.906305 0.499751
v -6.869962 6.519592 0.433926
v -6.869962 6.906305 0.433926
v -6.869962 6.519592 0.433926
v -6.869962 6.906305 0.433926
v -6.833016 6.355814 0.361072
v -6.816461 6.307696 0.401623
v -6.745020 6.303598 0.429687
v -6.690136 6.347618 0.417199
v -6.690136 6.347618 0.417199
v -6.741251 6.368178 0.352248
v -6.833016 6.355814 0.361072
v -6.675943 6.126039 0.060508
v -6.672203 6.126039 0.126333
v -6.677114 6.218084 0.136017
v -6.682517 6.231782 0.073473
v -6.601855 6.126039 0.156549
v -6.606623 6.216918 0.165953
v -6.535245 6.126039 0.120940
v -6.541536 6.229449 0.133346
v -6.541536 6.229449 0.133346
v -6.535245 6.126039 0.120940
v -6.581091 6.126039 0.045571
v -6.587856 6.235317 0.058940
v -6.675943 6.126039 0.060508
v -6.682517 6.231782 0.073473
v -6.698514 6.249893 0.178218
v -6.715072 6.298012 0.137667
v -6.627074 6.245796 0.206282
v -6.572190 6.289816 0.193795
v -6.572190 6.289816 0.193795
v -6.623306 6.310377 0.128843
v -6.715072 6.298012 0.137667
v 5.271675 2.431642 -0.077078
v 5.271675 1.033578 -0.077078
v 5.363659 1.033578 -0.077078
v 5.363659 2.431642 -0.077078
v 9.175184 2.317979 -3.515914
v 9.175184 1.920373 -3.515914
v 8.977112 1.920373 -3.515914
v 8.977112 2.317979 -3.515914
v 9.175184 2.317979 -3.746088
v 9.175184 2.317979 -3.515914
v 8.977112 2.317979 -3.515914
v 8.977112 2.317979 -3.746088
v 9.175184 2.317979 -3.974651
v 8.977112 2.317979 -3.974651
v 9.175184 1.920373 -3.974651
v 9.175184 2.317979 -3.974651
v 8.977112 2.317979 -3.974651
v 8.977112 1.920373 -3.974651
v 9.175184 1.565879 -3.974651
v 8.977112 1.565879 -3.974651
v 9.175184 1.565879 -3.746088
v 9.175184 1.565879 -3.974651
v 8.977112 1.565879 -3.974651
v 8.977112 1.565879 -3.746088
v 9.175184 1.565879 -3.515914
v 8.977112 1.565879 -3.515914
v 9.175184 1.565879 -3.515914
v 8.977112 1.565879 -3.515914
v 9.175184 2.317979 -3.515914
v 9.175184 2.483381 -3.366684
v 9.175184 1.916840 -3.366684
v 9.175184 1.920373 -3.515914
v 9.175184 2.317979 -3.974651
v 9.175184 2.483381 -4.118780
v 9.175184 2.483380 -3.746456
v 9.175184 2.317979 -3.746088
v 9.175184 1.408282 -3.746457
v 9.175184 1.408282 -4.118780
v 9.175184 1.565879 -3.974651
v 9.175184 1.565879 -3.746088
v 9.175184 1.408282 -3.366683
v 9.175184 1.565879 -3.515914
v 9.175184 2.483381 -3.366684
v 9.175184 2.317979 -3.515914
v 9.175184 1.916840 -4.118780
v 9.175184 2.483381 -4.118780
v 9.175184 2.317979 -3.974651
v 9.175184 1.920373 -3.974651
v 9.175184 1.565879 -3.974651
v 9.175184 1.408282 -4.118780
v 9.175184 1.565879 -3.515914
v 9.175184 1.408282 -3.366683
v 9.496955 8.848330 -3.672771
v 9.496955 8.846771 -3.812032
v 9.630539 9.131779 -3.815223
v 9.630539 9.133337 -3.675962
v 9.138271 8.848330 -3.672771
v 9.138271 8.846771 -3.812032
v 9.496955 8.846771 -3.812032
v 9.496955 8.848330 -3.672771
v 9.496955 8.846771 -3.812032
v 9.138271 8.846771 -3.812032
v 9.138271 9.131779 -3.815223
v 9.630539 9.131779 -3.815223
v 9.138271 8.848330 -3.672771
v 9.496955 8.848330 -3.672771
v 9.630539 9.133337 -3.675962
v 9.138271 9.133337 -3.675962
v 9.533870 8.244524 -2.572319
v 9.533870 8.312803 -2.693702
v 9.667454 8.561222 -2.553962
v 9.667454 8.492942 -2.432579
v 9.175185 8.244524 -2.572319
v 9.175185 8.312803 -2.693702
v 9.533870 8.312803 -2.693702
v 9.533870 8.244524 -2.572319
v 9.533870 8.312803 -2.693702
v 9.175185 8.312803 -2.693702
v 9.175185 8.561222 -2.553962
v 9.667454 8.561222 -2.553962
v 9.175185 8.244524 -2.572319
v 9.533870 8.244524 -2.572319
v 9.667454 8.492942 -2.432579
v 9.175185 8.492942 -2.432579
v 9.533870 7.779954 -1.746445
v 9.533870 7.848233 -1.867826
v 9.667454 8.096652 -1.728086
v 9.667454 8.028373 -1.606703
v 9.175185 7.779954 -1.746445
v 9.175185 7.848233 -1.867826
v 9.533870 7.848233 -1.867826
v 9.533870 7.779954 -1.746445
v 9.533870 7.848233 -1.867826
v 9.175185 7.848233 -1.867826
v 9.175185 8.096652 -1.728086
v 9.667454 8.096652 -1.728086
v 9.175185 7.779954 -1.746445
v 9.533870 7.779954 -1.746445
v 9.667454 8.028373 -1.606703
v 9.175185 8.028373 -1.606703
v 9.533870 7.315385 -0.920570
v 9.533870 7.383665 -1.041952
v 9.667454 7.632083 -0.902212
v 9.667454 7.563803 -0.780829
v 9.175185 7.315385 -0.920570
v 9.175185 7.383665 -1.041952
v 9.533870 7.383665 -1.041952
v 9.533870 7.315385 -0.920570
v 9.533870 7.383665 -1.041952
v 9.175185 7.383665 -1.041952
v 9.175185 7.632083 -0.902212
v 9.667454 7.632083 -0.902212
v 9.175185 7.315385 -0.920570
v 9.533870 7.315385 -0.920570
v 9.667454 7.563803 -0.780829
v 9.175185 7.563803 -0.780829
v 9.533870 6.909498 -0.199016
v 9.533870 6.977778 -0.320399
v 9.667454 7.226197 -0.180659
v 9.667454 7.157917 -0.059276
v 9.175185 6.909498 -0.199016
v 9.175185 6.977778 -0.320399
v 9.533870 6.977778 -0.320399
v 9.533870 6.909498 -0.199016
v 9.533870 6.977778 -0.320399
v 9.175185 6.977778 -0.320399
v 9.175185 7.226197 -0.180659
v 9.667454 7.226197 -0.180659
v 9.175185 6.909498 -0.199016
v 9.533870 6.909498 -0.199016
v 9.667454 7.157917 -0.059276
v 9.175185 7.157917 -0.059276
v 8.990523 6.643169 0.298589
v 9.168657 6.643169 0.298589
v 9.168657 6.987926 0.409793
v 8.990523 6.987926 0.409793
v 8.990523 6.643169 -0.000000
v 9.168657 6.643169 -0.000000
v 9.168657 6.643169 0.298589
v 8.990523 6.643169 0.298589
v 9.168657 6.643169 0.298589
v 9.168657 6.643169 -0.000000
v 9.168657 7.201427 -0.000000
v 9.168657 6.987926 0.409793
v 8.990523 6.643169 -0.000000
v 8.990523 6.643169 0.298589
v 8.990523 6.987926 0.409793
v 8.990523 7.201427 -0.000000
v 7.613462 6.643169 0.298589
v 7.791596 6.643169 0.298589
v 7.791596 6.835112 0.409793
v 7.613462 6.835112 0.409793
v 7.613462 6.643169 -0.000000
v 7.791596 6.643169 -0.000000
v 7.791596 6.643169 0.298589
v 7.613462 6.643169 0.298589
v 7.791596 6.643169 0.298589
v 7.791596 6.643169 -0.000000
v 7.791596 6.835112 -0.000000
v 7.791596 6.835112 0.409793
v 7.613462 6.643169 -0.000000
v 7.613462 6.643169 0.298589
v 7.613462 6.835112 0.409793
v 7.613462 6.835112 -0.000000
v 6.401459 6.643169 0.298589
v 6.579592 6.643169 0.298589
v 6.579592 6.835112 0.409793
v 6.401459 6.835112 0.409793
v 6.401459 6.643169 -0.000000
v 6.579592 6.643169 -0.000000
v 6.579592 6.643169 0.298589
v 6.401459 6.643169 0.298589
v 6.579592 6.643169 0.298589
v 6.579592 6.643169 -0.000000
v 6.579592 6.835112 -0.000000
v 6.579592 6.835112 0.409793
v 6.401459 6.643169 -0.000000
v 6.401459 6.643169 0.298589
v 6.401459 6.835112 0.409793
v 6.401459 6.835112 -0.000000
v 5.189456 6.643169 0.298589
v 5.367589 6.643169 0.298589
v 5.367589 6.835112 0.409793
v 5.189456 6.835112 0.409793
v 5.189456 6.643169 -0.000000
v 5.367589 6.643169 -0.000000
v 5.367589 6.643169 0.298589
v 5.189456 6.643169 0.298589
v 5.367589 6.643169 0.298589
v 5.367589 6.643169 -0.000000
v 5.367589 6.835112 -0.000000
v 5.367589 6.835112 0.409793
v 5.189456 6.643169 -0.000000
v 5.189456 6.643169 0.298589
v 5.189456 6.835112 0.409793
v 5.189456 6.835112 -0.000000
v 3.977452 6.643169 0.298589
v 4.155586 6.643169 0.298589
v 4.155586 6.835112 0.409793
v 3.977452 6.835112 0.409793
v 3.977452 6.643169 -0.000000
v 4.155586 6.643169 -0.000000
v 4.155586 6.643169 0.298589
v 3.977452 6.643169 0.298589
v 4.155586 6.643169 0.298589
v 4.155586 6.643169 -0.000000
v 4.155586 6.835112 -0.000000
v 4.155586 6.835112 0.409793
v 3.977452 6.643169 -0.000000
v 3.977452 6.643169 0.298589
v 3.977452 6.835112 0.409793
v 3.977452 6.835112 -0.000000
v 2.765450 6.643169 0.298589
v 2.943584 6.643169 0.298589
v 2.943584 6.835112 0.409793
v 2.765450 6.835112 0.409793
v 2.765450 6.643169 -0.000000
v 2.943584 6.643169 -0.000000
v 2.943584 6.643169 0.298589
v 2.765450 6.643169 0.298589
v 2.943584 6.643169 0.298589
v 2.943584 6.643169 -0.000000
v 2.943584 6.835112 -0.000000
v 2.943584 6.835112 0.409793
v 2.765450 6.643169 -0.000000
v 2.765450 6.643169 0.298589
v 2.765450 6.835112 0.409793
v 2.765450 6.835112 -0.000000
v 1.553446 6.643169 0.298589
v 1.731580 6.643169 0.298589
v 1.731580 6.835112 0.409793
v 1.553446 6.835112 0.409793
v 1.553446 6.643169 -0.000000
v 1.731580 6.643169 -0.000000
v 1.731580 6.643169 0.298589
v 1.553446 6.643169 0.298589
v 1.731580 6.643169 0.298589
v 1.731580 6.643169 -0.000000
v 1.731580 6.835112 -0.000000
v 1.731580 6.835112 0.409793
v 1.553446 6.643169 -0.000000
v 1.553446 6.643169 0.298589
v 1.553446 6.835112 0.409793
v 1.553446 6.835112 -0.000000
v 0.341444 6.643169 0.298589
v 0.519577 6.643169 0.298589
v 0.519577 6.835112 0.409793
v 0.341444 6.835112 0.409793
v 0.341444 6.643169 -0.000000
v 0.519577 6.643169 -0.000000
v 0.519577 6.643169 0.298589
v 0.341444 6.643169 0.298589
v 0.519577 6.643169 0.298589
v 0.519577 6.643169 -0.000000
v 0.519577 6.835112 -0.000000
v 0.519577 6.835112 0.409793
v 0.341444 6.643169 -0.000000
v 0.341444 6.643169 0.298589
v 0.341444 6.835112 0.409793
v 0.341444 6.835112 -0.000000
v -0.870559 6.643169 0.298589
v -0.692426 6.643169 0.298589
v -0.692426 6.835112 0.409793
v -0.870559 6.835112 0.409793
v -0.870559 6.643169 -0.000000
v -0.692426 6.643169 -0.000000
v -0.692426 6.643169 0.298589
v -0.870559 6.643169 0.298589
v -0.692426 6.643169 0.298589
v -0.692426 6.643169 -0.000000
v -0.692426 6.835112 -0.000000
v -0.692426 6.835112 0.409793
v -0.870559 6.643169 -0.000000
v -0.870559 6.643169 0.298589
v -0.870559 6.835112 0.409793
v -0.870559 6.835112 -0.000000
v -2.082563 6.643169 0.298589
v -1.904429 6.643169 0.298589
v -1.904429 6.835112 0.409793
v -2.082563 6.835112 0.409793
v -2.082563 6.643169 -0.000000
v -1.904429 6.643169 -0.000000
v -1.904429 6.643169 0.298589
v -2.082563 6.643169 0.298589
v -1.904429 6.643169 0.298589
v -1.904429 6.643169 -0.000000
v -1.904429 6.835112 -0.000000
v -1.904429 6.835112 0.409793
v -2.082563 6.643169 -0.000000
v -2.082563 6.643169 0.298589
v -2.082563 6.835112 0.409793
v -2.082563 6.835112 -0.000000
v -3.294565 6.643169 0.298589
v -3.116431 6.643169 0.298589
v -3.116431 6.835112 0.409793
v -3.294565 6.835112 0.409793
v -3.294565 6.643169 -0.000000
v -3.116431 6.643169 -0.000000
v -3.116431 6.643169 0.298589
v -3.294565 6.643169 0.298589
v -3.116431 6.643169 0.298589
v -3.116431 6.643169 -0.000000
v -3.116431 6.835112 -0.000000
v -3.116431 6.835112 0.409793
v -3.294565 6.643169 -0.000000
v -3.294565 6.643169 0.298589
v -3.294565 6.835112 0.409793
v -3.294565 6.835112 -0.000000
v -4.506568 6.643169 0.298589
v -4.328434 6.643169 0.298589
v -4.328434 6.835112 0.409793
v -4.506568 6.835112 0.409793
v -4.506568 6.643169 -0.000000
v -4.328434 6.643169 -0.000000
v -4.328434 6.643169 0.298589
v -4.506568 6.643169 0.298589
v -4.328434 6.643169 0.298589
v -4.328434 6.643169 -0.000000
v -4.328434 6.835112 -0.000000
v -4.328434 6.835112 0.409793
v -4.506568 6.643169 -0.000000
v -4.506568 6.643169 0.298589
v -4.506568 6.835112 0.409793
v -4.506568 6.835112 -0.000000
v -5.718570 6.643169 0.298589
v -5.540436 6.643169 0.298589
v -5.540436 6.835112 0.409793
v -5.718570 6.835112 0.409793
v -5.718570 6.643169 -0.000000
v -5.540436 6.643169 -0.000000
v -5.540436 6.643169 0.298589
v -5.718570 6.643169 0.298589
v -5.540436 6.643169 0.298589
v -5.540436 6.643169 -0.000000
v -5.540436 6.835112 -0.000000
v -5.540436 6.835112 0.409793
v -5.718570 6.643169 -0.000000
v -5.718570 6.643169 0.298589
v -5.718570 6.835112 0.409793
v -5.718570 6.835112 -0.000000
v -6.777477 6.643169 0.298589
v -6.599343 6.643169 0.298589
v -6.599343 6.835112 0.409793
v -6.777477 6.835112 0.409793
v -6.777477 6.643169 -0.000000
v -6.599343 6.643169 -0.000000
v -6.599343 6.643169 0.298589
v -6.777477 6.643169 0.298589
v -6.599343 6.643169 0.298589
v -6.599343 6.643169 -0.000000
v -6.599343 6.835112 -0.000000
v -6.599343 6.835112 0.409793
v -6.777477 6.643169 -0.000000
v -6.777477 6.643169 0.298589
v -6.777477 6.835112 0.409793
v -6.777477 6.835112 -0.000000
v 8.865363 0.362214 0.013859
v 8.816495 0.362214 0.084320
v 8.816495 0.392516 0.084320
v 8.865363 0.392516 0.013859
v 8.816495 0.362214 0.084320
v 8.865362 0.362214 0.154781
v 8.865362 0.392516 0.154781
v 8.816495 0.392516 0.084320
v 8.963099 0.362214 0.154780
v 8.963099 0.392516 0.154780
v 9.011968 0.362214 0.084320
v 9.011968 0.392516 0.084320
v 9.011968 0.362214 0.084320
v 8.963099 0.362214 0.013859
v 8.963099 0.392516 0.013859
v 9.011968 0.392516 0.084320
v 13.750353 3.956171 -11.818928
v 13.750353 2.465892 -13.720759
v 9.020813 2.465892 -13.720759
v 9.020813 3.956171 -11.818928
v 9.020813 3.956171 -11.818928
v 9.020813 3.956171 -10.014818
v 13.750353 3.956171 -10.014818
v 13.750353 3.956171 -11.818928
v 8.871155 1.647988 0.022210
v 8.828078 1.647988 0.084320
v 8.828078 1.678290 0.084320
v 8.871155 1.678290 0.022210
v 8.828078 1.647988 0.084320
v 8.871154 1.647988 0.146430
v 8.871154 1.678290 0.146430
v 8.828078 1.678290 0.084320
v 8.957308 1.647988 0.146430
v 8.957308 1.678290 0.146430
v 9.000384 1.647988 0.084320
v 9.000384 1.678290 0.084320
v 9.000384 1.647988 0.084320
v 8.957308 1.647988 0.022210
v 8.957308 1.678290 0.022210
v 9.000384 1.678290 0.084320
v 8.865363 0.100353 0.013859
v 8.816495 0.100353 0.084320
v 8.816495 0.130655 0.084320
v 8.865363 0.130655 0.013859
v 8.816495 0.100353 0.084320
v 8.865362 0.100353 0.154781
v 8.865362 0.130655 0.154781
v 8.816495 0.130655 0.084320
v 8.963099 0.100353 0.154780
v 8.963099 0.130655 0.154780
v 9.011968 0.100353 0.084320
v 9.011968 0.130655 0.084320
v 9.011968 0.100353 0.084320
v 8.963099 0.100353 0.013859
v 8.963099 0.130655 0.013859
v 9.011968 0.130655 0.084320
v -6.588090 1.634597 0.017451
v -6.672743 1.634597 0.041514
v -6.672743 1.664899 0.041514
v -6.588090 1.664899 0.017451
v -6.672743 1.634597 0.041514
v -6.690036 1.634597 0.114574
v -6.690036 1.664899 0.114574
v -6.672743 1.664899 0.041514
v -6.622675 1.634597 0.163571
v -6.622675 1.664899 0.163571
v -6.538023 1.634597 0.139509
v -6.538023 1.664899 0.139509
v -6.538023 1.634597 0.139509
v -6.520730 1.634597 0.066449
v -6.520730 1.664899 0.066449
v -6.538023 1.664899 0.139509
v -6.586049 0.351829 0.008826
v -6.680695 0.351829 0.035729
v -6.680695 0.382131 0.035729
v -6.586049 0.382131 0.008826
v -6.680695 0.351829 0.035729
v -6.700030 0.351829 0.117415
v -6.700030 0.382131 0.117415
v -6.680695 0.382131 0.035729
v -6.624717 0.351829 0.172197
v -6.624717 0.382131 0.172197
v -6.530071 0.351829 0.145294
v -6.530071 0.382131 0.145294
v -6.530071 0.351829 0.145294
v -6.510736 0.351829 0.063608
v -6.510736 0.382131 0.063608
v -6.530071 0.382131 0.145294
v -6.586049 0.072906 0.008826
v -6.680695 0.072906 0.035729
v -6.680695 0.103207 0.035729
v -6.586049 0.103207 0.008826
v -6.680695 0.072906 0.035729
v -6.700030 0.072906 0.117415
v -6.700030 0.103207 0.117415
v -6.680695 0.103207 0.035729
v -6.624717 0.072906 0.172197
v -6.624717 0.103207 0.172197
v -6.530071 0.072906 0.145294
v -6.530071 0.103207 0.145294
v -6.530071 0.072906 0.145294
v -6.510736 0.072906 0.063608
v -6.510736 0.103207 0.063608
v -6.530071 0.103207 0.145294
v -6.588090 4.934093 0.017451
v -6.672743 4.934093 0.041514
v -6.672743 4.964395 0.041514
v -6.588090 4.964395 0.017451
v -6.672743 4.934093 0.041514
v -6.690036 4.934093 0.114574
v -6.690036 4.964395 0.114574
v -6.672743 4.964395 0.041514
v -6.622675 4.934093 0.163571
v -6.622675 4.964395 0.163571
v -6.538023 4.934093 0.139509
v -6.538023 4.964395 0.139509
v -6.538023 4.934093 0.139509
v -6.520730 4.934093 0.066449
v -6.520730 4.964395 0.066449
v -6.538023 4.964395 0.139509
v -6.845072 3.178701 -0.031851
v -6.892962 3.166660 0.027853
v -6.910798 5.042529 -3.631458
v -6.850575 5.031008 -3.637296
v -6.892962 3.166660 0.027853
v -6.906221 3.215275 0.070711
v -6.927471 5.087017 -3.608910
v -6.910798 5.042529 -3.631458
v -6.871591 3.275933 0.053864
v -6.883923 5.119982 -3.592205
v -6.823701 3.287975 -0.005840
v -6.823701 5.108461 -3.598042
v -6.823701 3.287975 -0.005840
v -6.810441 3.239360 -0.048698
v -6.807027 5.063974 -3.620588
v -6.823701 5.108461 -3.598042
v -6.807027 5.063974 -3.620588
v -6.850575 5.031008 -3.637296
v -6.843356 6.415855 -6.287690
v -6.780959 6.415854 -6.225903
v -6.823701 5.108461 -3.598042
v -6.804850 6.415854 -6.142529
v -6.883923 5.119982 -3.592205
v -6.823701 5.108461 -3.598042
v -6.804850 6.415854 -6.142529
v -6.891141 6.415854 -6.120935
v -6.927471 5.087017 -3.608910
v -6.953540 6.415854 -6.182720
v -6.910798 5.042529 -3.631458
v -6.929648 6.415854 -6.266097
v -6.910798 5.042529 -3.631458
v -6.929648 6.415854 -6.266097
v -6.892962 3.166660 0.027853
v -6.845072 3.178701 -0.031851
v -6.589639 3.178701 -0.031851
v -6.637528 3.166660 0.027853
v -6.906221 3.215275 0.070711
v -6.650788 3.215275 0.070711
v -6.871591 3.275933 0.053864
v -6.616157 3.275933 0.053864
v -6.823701 3.287975 -0.005840
v -6.568268 3.287975 -0.005840
v -6.810441 3.239360 -0.048698
v -6.823701 3.287975 -0.005840
v -6.568268 3.287975 -0.005840
v -6.555008 3.239360 -0.048698
v -6.800765 6.418569 -6.218718
v -6.848841 6.418569 -6.259518
v -6.848841 7.767909 -6.259518
v -6.800765 7.767909 -6.218718
v -6.819173 6.418569 -6.163660
v -6.819173 7.767909 -6.163660
v -6.885656 6.418569 -6.149400
v -6.819173 6.418569 -6.163660
v -6.819173 7.767909 -6.163660
v -6.885656 7.767909 -6.149400
v -6.933733 6.418569 -6.190200
v -6.933733 7.767909 -6.190200
v -6.915325 6.418569 -6.245259
v -6.915325 7.767909 -6.245259
v -6.915325 6.418569 -6.245259
v -6.915325 7.767909 -6.245259
v -6.933733 6.418569 -6.190200
v -6.885656 6.418569 -6.149400
v -6.800765 7.767909 -6.218718
v -6.848841 7.767909 -6.259518
v -6.848841 6.418569 -6.259518
v -6.616157 3.275933 0.053864
v -6.650788 3.215275 0.070711
v -6.637528 3.166660 0.027853
v -6.843356 6.415855 -6.287690
v -6.807027 5.063974 -3.620588
v -6.807027 5.063974 -3.620588
v -6.883923 5.119982 -3.592205
v -6.883923 5.119982 -3.592205
v -6.871591 3.275933 0.053864
v -6.871591 3.275933 0.053864
v -6.927471 5.087017 -3.608910
v -6.927471 5.087017 -3.608910
v -6.845072 3.178701 -0.031851
v -6.622675 4.934093 0.163571
v -6.690036 4.964395 0.114574
v -6.510736 0.072906 0.063608
v -6.624717 0.103207 0.172197
v -6.700030 0.072906 0.117415
v -6.586049 0.103207 0.008826
v -6.586049 0.072906 0.008826
v -6.700030 0.382131 0.117415
v -6.586049 0.351829 0.008826
v -6.520730 1.664899 0.066449
v -6.520730 1.634597 0.066449
v -6.622675 1.664899 0.163571
v -6.622675 1.634597 0.163571
v -6.690036 1.664899 0.114574
v -6.588090 1.664899 0.017451
v 8.963099 0.100353 0.013859
v 8.963099 0.100353 0.154780
v 8.865362 0.130655 0.154781
v 8.865362 0.100353 0.154781
v 8.865363 0.130655 0.013859
v 8.871154 1.678290 0.146430
v 8.871155 1.678290 0.022210
v 8.871155 1.647988 0.022210
v 9.020813 2.465892 -13.720759
v -6.520730 4.964395 0.066449
v 13.750353 2.465892 -13.720759
v -6.588090 4.964395 0.017451
v 8.871154 1.647988 0.146430
v 8.963099 0.392516 0.013859
v 8.963099 0.392516 0.154780
v 8.963099 0.362214 0.013859
v 8.963099 0.362214 0.154780
v 8.865362 0.392516 0.154781
v -6.510736 0.351829 0.063608
v -6.698514 6.249893 0.178218
v -6.606623 6.216918 0.165953
v -6.606623 6.216918 0.165953
v -6.672203 6.126039 0.126333
v -6.741251 6.368178 0.352248
v -6.741251 6.368178 0.352248
v -6.690136 6.347618 0.417199
v -6.833016 6.355814 0.361072
v -6.866222 6.906305 0.499751
v -6.866222 6.519592 0.499751
v -6.795873 6.906305 0.529967
v -6.795873 6.519592 0.529967
v -6.775109 6.519592 0.418989
v -6.775109 6.906305 0.418989
v 8.865363 0.362214 0.013859
v -6.499896 6.141189 0.060527
v -6.626932 6.141189 0.181553
v -6.626932 6.110888 0.181553
v -6.583834 6.141189 -0.000530
v -6.583834 6.110888 -0.000530
v -6.586049 0.382131 0.008826
v -6.626609 0.477832 0.153996
v -6.514706 0.404331 0.071063
v -6.522104 0.466667 0.161188
v -6.522104 0.466667 0.161188
v -6.720551 0.466667 0.115212
v -6.720551 0.466667 0.115212
v -6.696063 0.404331 0.109959
v -6.573498 0.466667 -0.004866
v -6.573498 0.466667 -0.004866
v -6.580278 0.404331 0.015414
v -6.626609 6.126039 0.153997
v -6.528726 6.126039 0.074070
v -6.584159 6.126039 0.027025
v -6.528726 1.649748 0.074070
v -6.528726 1.649748 0.074070
v -6.696063 0.019559 0.109959
v -6.626609 4.949244 0.153997
v -6.626609 4.949244 0.153997
v -6.626609 3.299496 0.153997
v -6.626609 3.299496 0.153997
v -6.682042 3.299496 0.106952
v -6.682042 3.299496 0.106952
v -6.584159 4.949244 0.027025
v -6.584159 4.949244 0.027025
v -6.584159 3.299496 0.027025
v -6.584159 3.299496 0.027025
v -6.520730 3.314647 0.066449
v -6.520730 3.284346 0.066449
v -6.622675 3.284346 0.163571
v -6.690036 3.314647 0.114574
v -6.584159 0.477832 0.027025
v -6.588090 3.314647 0.017451
v -6.588090 3.284346 0.017451
v 1.803878 6.852583 0.467409
v -7.109097 6.852584 0.467409
v -6.624717 0.382131 0.172197
v -0.154340 6.852585 0.467409
v -0.154340 6.852585 0.467409
v -2.472592 6.852584 0.467409
v -2.472592 6.852584 0.467409
v -4.790844 6.852584 0.467409
v -4.790844 6.852584 0.467409
v -0.175630 6.837615 0.466105
v -4.812137 6.837615 0.466105
v -2.451301 6.837615 0.466105
v 8.969086 6.126039 0.132115
v 8.896185 6.218084 0.157877
v 8.896185 6.218084 0.157877
v -6.810441 3.239360 -0.048698
v 9.030293 6.368178 0.373245
v 8.956675 6.355814 0.412746
v 9.041285 6.519592 0.535362
v 8.913426 6.249893 0.201379
v 8.969966 6.141189 0.003959
v 8.969966 6.141189 0.164680
v 8.969966 6.110888 0.003959
v 8.969966 6.110888 0.164680
v 8.869499 0.477832 0.138690
v 8.948427 0.477832 0.143752
v 8.958960 0.477832 0.029950
v 8.880033 0.477832 0.024888
v 8.981429 0.466667 0.002637
v 8.981429 0.466667 0.002637
v 8.967140 0.404331 0.020006
v 9.032805 0.466667 0.091925
v 9.032805 0.466667 0.091925
v 8.965606 0.466667 0.173607
v 8.965606 0.466667 0.173607
v 8.861320 0.404331 0.148635
v 8.862854 0.466667 -0.004967
v 8.862854 0.466667 -0.004967
v -6.528726 0.477832 0.074070
v 8.795654 0.466667 0.076716
v 8.795654 0.466667 0.076716
v 8.869500 6.126039 0.138690
v 8.948427 6.126039 0.143752
v 8.958960 1.649748 0.029950
v 8.958960 1.649748 0.029950
v 8.858496 6.110888 0.164681
v 8.869500 1.649748 0.138690
v 8.869500 1.649748 0.138690
v 8.880033 1.649748 0.024888
v 8.880033 1.649748 0.024888
v 8.958960 4.949244 0.029950
v 8.958960 4.949244 0.029950
v 8.958960 3.299496 0.029950
v 8.958960 3.299496 0.029950
v 8.948427 4.949244 0.143752
v 8.948427 4.949244 0.143752
v -6.581091 6.126039 0.045571
v 8.869500 4.949244 0.138690
v 8.869500 4.949244 0.138690
v -6.745020 6.303598 0.429687
v -6.745020 6.303598 0.429687
v 8.869500 3.299496 0.138690
v 8.869500 3.299496 0.138690
v 8.880033 4.949244 0.024888
v 8.880033 4.949244 0.024888
v -6.677114 6.218084 0.136017
v -6.677114 6.218084 0.136017
v 1.803879 6.837615 0.466105
v 1.840279 6.837615 0.466105
v -6.710871 6.141189 0.120496
v -6.953540 6.415854 -6.182720
v 3.785655 6.837615 0.466105
v 8.865363 0.392516 0.013859
v -6.624717 0.351829 0.172197
v 9.441407 6.852583 0.467409
v 1.822079 6.852584 0.467409
v 8.958960 6.126039 0.029950
v 3.803856 6.852584 0.467409
v 3.803856 6.852584 0.467409
v 7.785609 6.837615 0.466105
v 5.767434 6.837615 0.466105
v -6.622675 4.964395 0.163571
v 3.822057 6.837615 0.466105
v -6.690036 4.934093 0.114574
v -6.830325 -0.000000 -0.000000
v -6.688664 0.466667 0.019834
v -6.688664 0.466667 0.019834
v 9.020813 2.533117 -13.720759
v 9.020813 2.533117 -13.720759
v 13.750353 2.533117 -13.720759
v 13.750353 2.533117 -13.720759
v 13.750353 4.023396 -10.014818
v 13.750353 4.023396 -10.014818
v 13.750353 4.023396 -11.818928
v 13.750353 4.023396 -11.818928
v 1.851882 2.323970 -0.011826
v 1.786099 2.323970 -0.011826
v 6.848165 2.323970 -0.011826
v -6.630492 0.404331 0.165608
v -6.690036 3.284346 0.114574
v 8.871154 4.934093 0.146430
v 1.042950 5.006095 -0.011826
v 1.891368 5.006095 -0.011826
v 6.093757 5.006095 -0.011826
v -6.700030 0.103207 0.117415
v -6.906221 3.215275 0.070711
v -6.906221 3.215275 0.070711
v -6.510736 0.382131 0.063608
v 8.948427 3.299496 0.143752
v 8.948427 3.299496 0.143752
v -6.588090 4.934093 0.017451
v -6.682042 6.126039 0.106952
v -6.800765 6.418569 -6.218718
v -6.520730 4.934093 0.066449
v -0.456202 9.906692 -2.556587
v -0.456202 9.906692 -2.435292
v 9.020813 4.023396 -10.014818
v 9.020813 4.023396 -10.014818
v 9.020813 4.023396 -11.818928
v 9.020813 4.023396 -11.818928
v -6.510736 0.103207 0.063608
v 4.788909 0.062648 0.365849
v -1.292711 9.900788 -2.346459
v 9.118142 6.519592 0.519581
v -0.418383 8.322499 -3.074302
v -0.418383 8.322499 -2.346459
v -1.292711 8.322499 -2.346459
v -0.601909 10.242563 -2.435292
v -0.456202 10.242563 -2.556587
v -0.456202 10.242563 -2.435292
v -0.601909 9.906692 -2.435292
v -3.847477 2.323970 -0.011826
v -6.499896 6.110888 0.060527
v 1.979601 5.006095 -0.011826
v 1.153541 2.323970 -0.011826
v -6.588090 1.634597 0.017451
v -6.514706 0.019559 0.071063
v -2.739339 1.431396 -9.415466
v -6.528726 4.949244 0.074070
v -6.528726 4.949244 0.074070
v 8.871154 3.314647 0.146430
v -1.220868 10.242563 -2.435292
v -6.490218 0.466667 0.065811
v -6.490218 0.466667 0.065811
v -6.830325 5.154868 -0.000000
v -6.528726 3.299496 0.074070
v -6.528726 3.299496 0.074070
v -6.682042 1.649748 0.106952
v -6.682042 1.649748 0.106952
v -11.692898 -0.000000 -0.234048
v -2.493882 6.837615 0.466105
v 9.001194 6.307696 0.434213
v 9.001194 6.307696 0.434213
v -6.816461 6.307696 0.401623
v -6.816461 6.307696 0.401623
v -6.601855 6.126039 0.156549
v 8.871155 4.934093 0.022210
v 8.847031 0.466667 0.166003
v 8.847031 0.466667 0.166003
v 8.871155 3.314647 0.022210
v 8.957308 3.284346 0.146430
v 8.957308 3.284346 0.022210
v 8.871154 4.964395 0.146430
v -6.682043 0.477832 0.106952
v 8.957308 4.934093 0.146430
v 8.957308 4.934093 0.022210
v -3.822744 5.006095 -0.011826
v -6.584159 1.649748 0.027025
v -6.584159 1.649748 0.027025
v 13.750353 3.956171 -10.014818
v 9.077172 6.303598 0.416214
v 9.077172 6.303598 0.416214
v 8.963099 0.130655 0.013859
v 8.963099 0.130655 0.154780
v 8.972928 6.216918 0.141809
v 8.972928 6.216918 0.141809
v -6.830325 6.836219 -3.489978
v -6.830325 6.836219 -3.489978
v -6.830325 6.836219 -3.952049
v -6.830325 6.836219 -3.952049
v 8.871155 4.964395 0.022210
v 8.873778 0.019559 0.014018
v -6.580278 0.019559 0.015414
v -11.090847 2.201290 -0.866003
v -11.090847 2.201290 -0.234048
v 8.871154 3.284346 0.146430
v -6.892962 3.166660 0.027853
v -6.773994 1.431396 -9.415466
v 8.957308 3.314647 0.146430
v 8.957308 3.314647 0.022210
v 8.954682 0.019559 0.154622
v 8.861320 0.019559 0.148635
v 8.892228 6.126039 0.147895
v -1.220868 9.906692 -2.435292
v 8.957308 4.964395 0.146430
v 8.957308 4.964395 0.022210
v -6.830325 7.592552 -3.489978
v -6.830325 7.592552 -3.489978
v -6.830325 7.592552 -3.952049
v -6.830325 7.592552 -3.952049
v -1.075161 10.242563 -2.435292
v -1.075161 10.242563 -2.556587
v 8.967140 0.019559 0.020006
v 1.103353 2.323970 -0.011826
v -7.162645 2.531282 -0.550026
v -7.162645 2.531282 -0.550026
v -1.075161 9.906692 -2.435292
v -1.075161 9.906692 -2.556587
v 0.975633 5.006095 -0.011826
v 9.118142 6.906305 0.519581
v 6.040142 5.006095 -0.011826
v 5.803834 6.837615 0.466105
v 6.839750 5.006095 -0.011826
v -6.622675 3.314647 0.163571
v 9.108631 6.347618 0.376747
v 8.873778 0.404331 0.014018
v 8.880033 6.126039 0.024888
v 6.081507 2.323970 -0.011826
v 5.785633 6.852584 0.467409
v 5.785633 6.852584 0.467409
v 8.989404 6.245796 0.183379
v 6.026407 2.323970 -0.011826
v 8.954682 0.404331 0.154622
v -6.933733 7.767909 -6.190200
v -6.830325 2.483380 -0.000000
v -6.830325 2.483380 -0.000000
v -3.873938 5.006095 -0.011826
v -6.700030 0.351829 0.117415
v -0.418383 9.900788 -3.074302
v -0.418383 9.900788 -2.346459
v -6.761176 3.253307 -6.218793
v -6.690036 1.634597 0.114574
v -6.626609 1.649748 0.153997
v -6.626609 1.649748 0.153997
v 8.957308 1.647988 0.022210
v 8.957308 1.647988 0.146430
v -6.761176 2.850762 -8.022066
v -6.761176 2.850762 -8.022066
v -3.152997 2.323970 -0.011826
v -3.080773 2.323970 -0.011826
v 6.769476 5.006095 -0.011826
v 7.767409 6.852585 0.467409
v 7.767409 6.852585 0.467409
v 3.435933 0.139445 -0.007975
v -6.850575 5.031008 -3.637296
v -6.850575 5.031008 -3.637296
v 7.749209 6.837615 0.466105
v -3.177530 5.006095 -0.011826
v -3.110429 5.006095 -0.011826
v 8.880033 3.299496 0.024888
v 8.880033 3.299496 0.024888
v -6.761176 2.757632 -8.013531
v -6.624717 0.072906 0.172197
v -7.478800 0.000000 -0.866003
v -4.769556 6.837615 0.466105
v -7.478800 2.201290 -0.866003
v -7.478800 2.201290 -0.866003
v -7.478800 2.201290 -0.234048
v -6.846489 2.201290 -0.234048
v -6.780959 6.415854 -6.225903
v -7.478800 -0.000000 -0.234048
v -11.692898 0.000000 -0.866003
v -11.692898 2.201290 -0.866003
v -11.692898 2.201290 -0.234048
v -11.692898 2.201290 -0.234048
v -11.090847 -0.000000 -0.234048
v -11.391872 2.531282 -0.550026
v -11.391872 2.531282 -0.550026
v 4.458374 0.139445 -0.007975
v 3.121837 0.062648 0.365849
v -6.885656 7.767909 -6.149400
v -6.682042 4.949244 0.106952
v -6.682042 4.949244 0.106952
v 8.858496 6.141189 0.164681
v 8.957308 1.678290 0.022210
v 8.957308 1.678290 0.146430
v -6.710871 6.110888 0.120496
v -6.630492 0.019559 0.165608
v 6.775944 2.323970 -0.011826
v -3.902580 2.323970 -0.011826
v 0.268505 2.757632 -8.013531
v -3.246336 2.850762 -8.022066
v -3.246336 2.850762 -8.022066
v 0.268505 3.253306 -6.218793
v -0.133049 6.837615 0.466105
v -6.627074 6.245796 0.206282
v 0.268505 2.850762 -8.022066
v 0.268505 2.850762 -8.022066
v 8.948427 1.649748 0.143752
v 8.948427 1.649748 0.143752
v 9.020813 3.956171 -10.014818
v 8.865363 0.100353 0.013859
v -6.587856 6.235317 0.058940
v 9.041285 6.906305 0.535362
v 8.865362 0.362214 0.154781
v 8.871155 3.284346 0.022210
v -6.637270 0.466667 0.185888
v -6.637270 0.466667 0.185888
v -6.891141 6.415854 -6.120935
vn -0.0000 -0.0000 -1.0000
vn -0.0000 -0.0000 1.0000
vn 1.0000 -0.0000 -0.0000
vn -1.0000 -0.0000 -0.0000
vn -0.0000 -1.0000 -0.0000
vn -0.8217 -0.0000 -0.5699
vn -0.8217 -0.0000 0.5699
vn 0.8217 -0.0000 0.5699
vn 0.8217 -0.0000 -0.5699
vn -0.0000 0.7668 0.6419
vn -0.0000 0.7668 -0.6419
vn -0.0000 1.0000 -0.0000
vn -0.0000 0.9678 -0.2515
vn -0.0000 0.9641 -0.2655
vn -0.0000 0.9344 -0.3561
vn -0.0000 0.9641 -0.2656
vn -0.0000 0.9678 -0.2516
vn -0.0000 0.8509 -0.5253
vn -0.0000 0.9344 -0.3562
vn -0.0000 0.1238 -0.9923
vn -0.0000 0.0666 -0.9978
vn -0.9978 0.0666 -0.0000
vn -0.9923 0.1239 -0.0000
vn -0.0000 0.1238 0.9923
vn -0.0000 0.0666 0.9978
vn -0.0000 0.6916 -0.7223
vn -0.7221 0.6918 -0.0000
vn 0.7221 0.6918 -0.0000
vn -0.0000 0.6916 0.7223
vn -0.9980 0.0635 -0.0000
vn -0.9930 0.1181 -0.0000
vn 0.9980 0.0635 -0.0000
vn 0.9930 0.1181 -0.0000
vn 0.0001 0.1238 -0.9923
vn 0.7388 0.6739 -0.0000
vn -0.7388 0.6739 -0.0000
vn -0.0001 0.1238 0.9923
vn -0.0000 0.5881 0.8088
vn -0.0000 0.9968 0.0804
vn 0.0339 0.9962 0.0803
vn 0.0468 0.9958 0.0786
vn -0.7726 0.6344 0.0241
vn -0.8259 0.5620 0.0453
vn -0.7048 0.7094 -0.0000
vn 0.7726 0.6344 0.0241
vn 0.8267 0.5626 -0.0000
vn 0.8214 -0.0000 0.5704
vn 0.7020 -0.0000 0.7122
vn 0.9695 -0.0000 0.2453
vn 0.9952 -0.0000 0.0982
vn -0.8263 -0.0000 -0.5632
vn -0.7187 -0.0000 -0.6953
vn -0.9651 -0.0000 -0.2620
vn -0.9938 -0.0000 -0.1109
vn -0.3919 -0.0000 -0.9200
vn 0.3956 -0.0000 0.9184
vn 0.3530 -0.0000 0.9356
vn 0.8213 -0.0000 0.5705
vn -0.1760 -0.0000 -0.9844
vn 0.1721 -0.0000 0.9851
vn 0.9991 -0.0000 -0.0429
vn -0.9995 -0.0000 0.0320
vn 0.4631 -0.0000 0.8863
vn -0.0000 -0.9760 0.2179
vn -0.0000 0.9760 -0.2179
vn -0.0000 -0.0913 -0.9958
vn -0.0000 -0.0912 -0.9958
vn -0.0000 0.8810 0.4730
vn -0.0000 -0.4730 0.8810
vn -0.0000 0.4730 -0.8810
vn -0.0000 -0.8576 0.5143
vn -0.0000 -0.8590 0.5120
vn -0.0000 -0.5120 -0.8590
vn -0.0000 -0.8828 -0.4698
vn -0.0000 -0.4698 0.8828
vn -0.0000 -0.8822 -0.4709
vn -0.0245 -0.0000 -0.9997
vn -0.0123 -0.0000 -0.9999
vn -0.0122 -0.0000 -0.9999
vn 0.0907 0.9916 0.0923
vn 0.1215 0.9921 0.0309
vn 0.0554 0.9852 0.1624
vn 0.0908 0.9916 0.0923
vn 0.0124 0.9974 0.0709
vn 0.0553 0.9852 0.1624
vn 0.1370 0.9906 -0.0059
vn 0.5221 0.7714 0.3637
vn 0.6695 0.7398 0.0669
vn 0.0907 0.9916 0.0924
vn 0.2918 0.7754 0.5601
vn 0.5220 0.7715 0.3638
vn 0.0124 0.9974 0.0708
vn 0.1100 0.7689 0.6299
vn 0.6695 0.7398 0.0668
vn 0.6923 0.7210 -0.0298
vn -0.0000 0.8830 -0.4694
vn -0.0000 0.9653 -0.2611
vn -0.0000 0.7871 -0.6168
vn -0.0000 0.9653 -0.2610
vn -0.0000 0.8830 -0.4693
vn 0.9055 -0.3651 0.2163
vn -0.0000 -0.8604 0.5097
vn -0.0000 -0.5097 -0.8604
vn -0.0000 0.5097 0.8604
vn -0.0000 -0.5077 -0.8615
vn -0.0000 0.8615 -0.5077
vn -0.0000 -0.4747 0.8802
vn -0.0000 -0.4746 0.8802
vn -0.0000 0.8802 0.4746
vn -0.0000 -0.8430 -0.5379
vn -0.0000 -0.8052 0.5929
vn -0.0000 -0.8052 0.5930
vn -0.0000 -0.8469 -0.5317
vn -0.0000 -0.8485 0.5292
vn -0.7723 -0.0000 -0.6353
vn -0.7722 -0.0000 -0.6353
vn -0.8667 -0.0000 0.4987
vn -0.8668 -0.0000 0.4987
vn -0.0640 -0.0000 0.9979
vn 0.7723 -0.0000 0.6353
vn 0.7722 -0.0000 0.6353
vn 0.8668 -0.0000 -0.4987
vn 0.0640 -0.0000 -0.9979
vn 0.0640 -0.0000 -0.9980
vn -0.0640 -0.0000 0.9980
vn -0.7693 -0.0881 -0.6328
vn -0.7720 -0.0247 -0.6351
vn -0.7336 -0.3124 -0.6035
vn -0.8632 -0.0904 0.4967
vn -0.8665 -0.0253 0.4986
vn -0.8212 -0.3199 0.4725
vn -0.0638 -0.0785 0.9949
vn -0.0640 -0.0220 0.9977
vn -0.0614 -0.2809 0.9578
vn 0.7693 -0.0881 0.6328
vn 0.7720 -0.0247 0.6351
vn 0.7336 -0.3124 0.6035
vn 0.8632 -0.0904 -0.4967
vn 0.8665 -0.0253 -0.4986
vn 0.8212 -0.3199 -0.4725
vn 0.0638 -0.0785 -0.9949
vn 0.0640 -0.0220 -0.9977
vn 0.0614 -0.2809 -0.9578
vn -0.8667 -0.0000 0.4988
vn 0.1190 0.9495 -0.2903
vn -0.1501 0.9513 -0.2694
vn -0.0554 0.9452 -0.3216
vn 0.2059 0.9534 -0.2203
vn 0.2723 0.9620 -0.0217
vn 0.2633 0.9590 0.1047
vn 0.1501 0.9513 0.2694
vn 0.0554 0.9452 0.3216
vn -0.1190 0.9495 0.2903
vn -0.2059 0.9534 0.2203
vn -0.2723 0.9620 0.0217
vn -0.2633 0.9590 -0.1047
vn -0.4332 -0.0000 -0.9013
vn -0.5414 -0.0000 -0.8407
vn -0.0732 -0.0000 -0.9973
vn -0.2771 0.1687 -0.9459
vn -0.5359 0.1425 -0.8322
vn 0.1693 0.0771 -0.9825
vn 0.1698 -0.0000 -0.9855
vn 0.9420 -0.0732 0.3276
vn 0.9289 -0.1652 0.3315
vn 0.9445 -0.0000 0.3285
vn 0.1999 -0.1082 0.9738
vn 0.1952 -0.2570 0.9465
vn 0.2011 -0.0000 0.9796
vn -0.6543 -0.0398 0.7552
vn -0.6460 -0.1152 0.7546
vn -0.6548 -0.0000 0.7558
vn -0.6920 -0.3461 0.6335
vn -0.7274 -0.4369 0.5292
vn 0.1809 -0.4518 0.8736
vn 0.1824 -0.4524 0.8730
vn 0.8714 -0.4634 0.1608
vn 0.8129 -0.5824 -0.0016
vn 0.1499 0.3896 -0.9087
vn -0.1854 0.4340 -0.8816
vn -0.4846 0.4343 -0.7593
vn -0.6491 -0.0591 0.7584
vn -0.6539 -0.0537 0.7547
vn -0.6552 -0.1405 0.7423
vn -0.6704 -0.2593 0.6952
vn 0.2008 -0.1131 0.9731
vn 0.1999 -0.1123 0.9734
vn 0.2010 -0.1133 0.9730
vn 0.2019 -0.1142 0.9727
vn 0.9385 -0.0819 0.3355
vn 0.9410 -0.0866 0.3272
vn 0.9261 -0.2235 0.3040
vn 0.8994 -0.3707 0.2315
vn 0.1676 0.1141 -0.9792
vn -0.1994 0.1323 -0.9709
vn -0.1885 0.3409 -0.9210
vn 0.1855 0.4822 -0.8562
vn -0.5368 0.1320 -0.8333
vn -0.4774 0.5410 -0.6924
vn -0.7279 -0.4750 0.4946
vn -0.7465 -0.4896 0.4506
vn 0.0948 -0.8278 0.5529
vn 0.1005 -0.8353 0.5405
vn 0.0320 -0.9405 0.3383
vn 0.0129 -0.9618 0.2736
vn 0.7853 -0.6184 -0.0303
vn 0.7615 -0.6394 -0.1061
vn -0.0634 0.8910 -0.4495
vn 0.2500 0.8861 -0.3902
vn -0.2736 0.9371 -0.2166
vn 0.0043 -0.9709 0.2394
vn -0.0043 0.9709 -0.2394
vn 0.2538 0.9121 -0.3221
vn -0.2403 0.9594 -0.1476
vn -0.2734 -0.0000 -0.9619
vn -0.9731 -0.0000 -0.2303
vn -0.5882 -0.0000 0.8087
vn 0.2734 -0.0000 0.9619
vn 0.9731 -0.0000 0.2303
vn 0.5882 -0.0000 -0.8087
vn -0.2097 -0.0000 -0.9778
vn -0.9484 -0.0000 -0.3171
vn -0.6471 -0.0000 0.7624
vn 0.2097 -0.0000 0.9778
vn 0.9484 -0.0000 0.3171
vn 0.6471 -0.0000 -0.7624
vn -0.2090 -0.0792 -0.9747
vn -0.2097 -0.0222 -0.9775
vn -0.2011 -0.2832 -0.9377
vn -0.9443 -0.0926 -0.3157
vn -0.9481 -0.0259 -0.3170
vn -0.8963 -0.3269 -0.2997
vn -0.8963 -0.3269 -0.2996
vn -0.6447 -0.0853 0.7597
vn -0.6469 -0.0239 0.7622
vn -0.6166 -0.3034 0.7265
vn 0.2090 -0.0792 0.9747
vn 0.2097 -0.0222 0.9775
vn 0.2011 -0.2832 0.9377
vn 0.9443 -0.0926 0.3157
vn 0.9481 -0.0259 0.3170
vn 0.8963 -0.3269 0.2997
vn 0.6447 -0.0853 -0.7597
vn 0.6469 -0.0239 -0.7622
vn 0.6165 -0.3034 -0.7265
vn 0.6166 -0.3034 -0.7265
vn 0.2512 0.9597 -0.1259
vn 0.0344 0.9468 -0.3200
vn 0.1349 0.9484 -0.2869
vn 0.2778 0.9606 -0.0032
vn 0.2157 0.9563 0.1977
vn 0.1394 0.9487 0.2839
vn -0.0344 0.9468 0.3200
vn 0.2156 0.9562 0.1977
vn -0.1349 0.9484 0.2869
vn -0.2512 0.9597 0.1259
vn -0.2778 0.9606 0.0032
vn -0.2157 0.9563 -0.1977
vn -0.1394 0.9487 -0.2839
vn -0.2156 0.9562 -0.1977
vn 0.8544 -0.0000 -0.5197
vn 0.8518 0.0776 -0.5181
vn 0.8372 0.1900 -0.5128
vn 0.4704 -0.0650 0.8800
vn 0.4607 -0.1470 0.8753
vn 0.4714 -0.0000 0.8819
vn -0.3922 -0.1108 0.9132
vn -0.3799 -0.2629 0.8869
vn -0.3947 -0.0000 0.9188
vn -0.9974 -0.0437 0.0567
vn -0.9899 -0.1268 0.0634
vn -0.9984 -0.0000 0.0567
vn -0.1536 0.1159 -0.9813
vn -0.1544 0.1194 -0.9808
vn -0.1556 -0.0000 -0.9878
vn -0.9263 -0.3694 -0.0745
vn -0.8715 -0.4546 -0.1836
vn -0.3488 -0.4605 0.8163
vn -0.3473 -0.4609 0.8167
vn 0.5201 -0.4242 0.7413
vn 0.5776 -0.5487 0.6044
vn 0.7828 0.3918 -0.4835
vn 0.7795 0.3903 -0.4899
vn -0.1414 0.3741 -0.9165
vn -0.1385 0.3734 -0.9173
vn -0.9958 -0.0651 0.0640
vn -0.9966 -0.0591 0.0566
vn -0.9870 -0.1542 0.0451
vn -0.9597 -0.2809 -0.0069
vn -0.3911 -0.1159 0.9130
vn -0.3920 -0.1150 0.9127
vn -0.3908 -0.1161 0.9131
vn -0.3899 -0.1169 0.9134
vn 0.4641 -0.0727 0.8828
vn 0.4701 -0.0769 0.8793
vn 0.4739 -0.1995 0.8577
vn 0.4975 -0.3351 0.8001
vn 0.8234 0.2864 -0.4899
vn 0.8488 0.1136 -0.5163
vn 0.8480 0.1148 -0.5174
vn 0.7677 0.4787 -0.4260
vn -0.1547 0.1106 -0.9817
vn -0.1546 0.1108 -0.9817
vn -0.1558 0.2796 -0.9474
vn -0.1574 0.4656 -0.8709
vn -0.8459 -0.4905 -0.2095
vn -0.8269 -0.5005 -0.2563
vn -0.2338 -0.8361 0.4963
vn -0.2223 -0.8426 0.4906
vn -0.1621 -0.9457 0.2816
vn -0.1407 -0.9659 0.2172
vn 0.5772 -0.5870 0.5677
vn 0.6077 -0.6152 0.5022
vn 0.5365 0.8262 -0.1720
vn 0.2453 0.9377 -0.2460
vn -0.1590 0.8694 -0.4678
vn -0.1283 -0.9744 0.1844
vn 0.4007 0.9159 -0.0254
vn 0.0302 0.9714 -0.2354
vn -0.1569 0.9329 -0.3242
vn 0.9055 -0.4244 0.0047
vn -0.0000 -0.9999 0.0112
vn -0.0000 -0.0112 -0.9999
vn -0.0000 0.0112 0.9999
vn 0.9055 -0.3699 -0.2081
vn -0.0000 -0.8716 -0.4903
vn -0.0000 0.4903 -0.8716
vn -0.0000 -0.4903 0.8716
vn -0.0000 -0.3070 0.9517
vn -0.0000 -0.5013 0.8653
vn -0.2545 -0.8648 -0.4329
vn -0.2855 -0.8690 -0.4042
vn -0.2475 -0.8616 -0.4431
vn -0.1744 -0.8741 -0.4533
vn -0.9663 -0.2313 -0.1130
vn -0.9781 -0.1876 -0.0898
vn -0.9623 -0.2445 -0.1190
vn -0.9260 -0.3381 -0.1682
vn -0.7290 0.6092 0.3123
vn -0.8011 0.5330 0.2723
vn -0.7088 0.6272 0.3228
vn -0.5754 0.7265 0.3757
vn 0.2520 0.8675 0.4289
vn 0.2815 0.8715 0.4016
vn 0.2460 0.8640 0.4393
vn 0.1746 0.8770 0.4476
vn 0.9665 0.2287 0.1168
vn 0.9785 0.1834 0.0946
vn 0.9623 0.2409 0.1260
vn 0.9281 0.3295 0.1735
vn 0.7290 -0.6091 -0.3123
vn 0.8000 -0.5332 -0.2751
vn 0.7077 -0.6282 -0.3234
vn 0.5731 -0.7288 -0.3746
vn 0.5247 -0.7564 -0.3906
vn 0.4123 -0.8104 -0.4164
vn 0.9106 0.3640 0.1959
vn 0.8521 0.4629 0.2442
vn 0.1536 0.8790 0.4514
vn 0.1133 0.8843 0.4529
vn -0.7088 0.6276 0.3222
vn -0.5253 0.7553 0.3919
vn -0.4163 0.8062 0.4204
vn -0.9064 -0.3781 -0.1884
vn -0.8453 -0.4763 -0.2422
vn -0.1544 -0.8760 -0.4568
vn -0.1152 -0.8803 -0.4603
vn -0.2854 -0.8690 -0.4042
vn -0.0000 -0.9803 -0.1977
vn -0.0000 -0.6613 0.7501
vn -0.0000 0.2676 0.9635
vn 0.2520 0.8675 0.4288
vn -0.0000 0.9803 0.1977
vn -0.0000 0.6613 -0.7501
vn 0.6470 -0.0000 -0.7624
vn -0.6470 -0.0000 0.7624
vn -0.9484 -0.0000 -0.3170
vt 0.000314 0.550831
vt 0.271412 0.550795
vt 0.000291 0.373412
vt 0.271389 0.373377
vt 0.331126 0.550788
vt 0.331103 0.373369
vt 0.596048 0.422590
vt 0.536336 0.422590
vt 0.596046 0.598344
vt 0.536335 0.598344
vt 0.059713 0.422587
vt 0.000001 0.422586
vt 0.000000 0.598340
vt 0.059712 0.598341
vt 0.000025 0.600000
vt 0.059737 0.599992
vt 0.000001 0.422586
vt 0.059713 0.422578
vt 0.223205 0.599970
vt 0.535075 0.422515
vt 0.278183 0.599963
vt 0.369294 0.599951
vt 0.535099 0.599928
vt 0.594811 0.599920
vt 0.594787 0.422507
vt 0.592255 0.416627
vt 0.323630 0.416655
vt 0.592274 0.594045
vt 0.323649 0.594073
vt 0.263917 0.416661
vt 0.263936 0.594080
vt 0.133956 0.991925
vt 0.405054 0.992397
vt 0.134068 0.927579
vt 0.464767 0.992501
vt 0.464879 0.928154
vt 0.597750 0.928904
vt 0.001690 0.926973
vt 0.597541 0.993251
vt 0.537829 0.993057
vt 0.001482 0.991319
vt 0.061195 0.991512
vt 0.002183 0.992282
vt 0.061896 0.992282
vt 0.002183 0.927935
vt 0.596984 0.927935
vt 0.596984 0.992282
vt 0.537271 0.992282
vt 0.463852 0.927499
vt 0.135515 0.928210
vt 0.463991 0.991845
vt 0.135654 0.992557
vt 0.195368 0.992427
vt 0.002303 0.597131
vt 0.059737 0.597123
vt 0.002280 0.422586
vt 0.223205 0.597101
vt 0.278183 0.597094
vt 0.369294 0.597082
vt 0.535099 0.597060
vt 0.594811 0.597052
vt 0.327505 0.815067
vt 0.327480 0.678889
vt 0.266919 0.815078
vt 0.297187 0.718689
vt 0.266894 0.678900
vt 0.355047 0.718128
vt 0.262999 0.718112
vt 0.355018 0.885815
vt 0.308986 0.924330
vt 0.262969 0.885799
vt 0.601137 0.600000
vt 0.601137 0.900000
vt 0.650992 0.600000
vt 0.650992 0.618975
vt 0.650992 0.900000
vt 0.541321 0.591121
vt 0.541304 0.768123
vt 0.092934 0.840502
vt 0.474699 0.824366
vt 0.358287 0.917569
vt 0.092946 0.913211
vt 0.541601 0.750789
vt 0.530728 0.937267
vt 0.598568 0.772618
vt 0.598568 0.937267
vt 0.598568 0.911636
vt 0.179838 0.172259
vt 0.179811 0.353932
vt 0.293334 0.172278
vt 0.115761 0.353923
vt 0.115723 0.591899
vt 0.546561 0.591964
vt 0.546625 0.172314
vt 0.600000 0.591121
vt 0.000060 0.916927
vt 0.600048 0.767313
vt 0.535640 0.824135
vt 0.432640 0.917398
vt 0.000000 0.591915
vt 0.530444 0.591989
vt 0.000062 0.140480
vt 0.069596 0.140489
vt 0.595640 0.591997
vt 0.595717 0.140560
vt 0.000000 0.591915
vt 0.595661 0.591937
vt 0.000015 0.172263
vt 0.595668 0.353967
vt 0.530464 0.353964
vt 0.530472 0.172289
vt 0.219507 0.597239
vt 0.002631 0.734003
vt 0.246727 0.737831
vt 0.199352 0.737836
vt 0.285339 0.937264
vt 0.259662 0.804638
vt 0.007208 0.937272
vt 0.247243 0.804951
vt 0.199911 0.804955
vt 0.600071 0.687415
vt 0.534333 0.686979
vt 0.600000 0.867114
vt 0.151718 0.862727
vt 0.534342 0.602699
vt 0.432651 0.602091
vt 0.534328 0.917508
vt 0.474717 0.918622
vt 0.424595 0.852168
vt 0.425046 0.600481
vt 0.583630 0.852138
vt 0.525859 0.600671
vt 0.525874 0.681279
vt 0.583541 0.681267
vt 0.115785 0.141536
vt 0.115727 0.592975
vt 0.292406 0.141552
vt 0.179777 0.592984
vt 0.293278 0.592992
vt 0.640200 0.777583
vt 0.634657 0.778757
vt 0.645756 0.782822
vt 0.657012 0.778771
vt 0.651443 0.777620
vt 0.662138 0.781467
vt 0.645820 0.777293
vt 0.752674 0.698794
vt 0.752674 0.666252
vt 0.719016 0.666114
vt 0.719016 0.698657
vt 0.752973 0.665950
vt 0.752973 0.698684
vt 0.718718 0.698573
vt 0.718718 0.665838
vt 0.752972 0.731420
vt 0.718718 0.731308
vt 0.752972 0.764154
vt 0.718718 0.764042
vt 0.752673 0.763878
vt 0.752674 0.731335
vt 0.719016 0.731198
vt 0.719016 0.763740
vt 0.757735 0.378812
vt 0.757733 0.582560
vt 0.767472 0.582561
vt 0.767475 0.378813
vt 0.767472 0.582561
vt 0.767475 0.378814
vt 0.757735 0.378812
vt 0.757733 0.582560
vt 0.678950 0.361436
vt 0.708935 0.361436
vt 0.708935 0.331451
vt 0.678950 0.331451
vt 0.757735 0.378812
vt 0.757735 0.378813
vt 0.767472 0.582561
vt 0.767475 0.378814
vt 0.757735 0.378813
vt 0.757733 0.582560
vt 0.767472 0.582561
vt 0.767472 0.582561
vt 0.767475 0.378814
vt 0.757732 0.582560
vt 0.767472 0.582561
vt 0.767475 0.378814
vt 0.757735 0.378813
vt 0.757733 0.582560
vt 0.721035 0.376325
vt 0.736134 0.376327
vt 0.736140 0.331278
vt 0.721042 0.331276
vt 0.766337 0.331283
vt 0.751238 0.331281
vt 0.751232 0.376329
vt 0.766330 0.376331
vt 0.705937 0.376323
vt 0.705943 0.331274
vt 0.237855 0.832859
vt 0.311770 0.832868
vt 0.311790 0.660165
vt 0.237876 0.660157
vt 0.459620 0.660183
vt 0.385705 0.660174
vt 0.385685 0.832876
vt 0.459599 0.832885
vt 0.163941 0.832850
vt 0.163961 0.660148
vt 0.920372 0.214856
vt 0.605952 0.214800
vt 0.605947 0.273544
vt 0.920367 0.273600
vt 0.605944 0.273544
vt 0.920369 0.273600
vt 0.920375 0.214856
vt 0.605950 0.214800
vt 0.605947 0.273544
vt 0.920372 0.214856
vt 0.605952 0.214800
vt 0.920375 0.214856
vt 0.605950 0.214800
vt 0.605944 0.273544
vt 0.920369 0.273600
vt 0.297225 0.862347
vt 0.297162 0.578615
vt 0.233340 0.631630
vt 0.233392 0.862356
vt 0.002745 0.663025
vt 0.002777 0.830981
vt 0.591654 0.830942
vt 0.591622 0.662986
vt 0.002747 0.631644
vt 0.002775 0.862370
vt 0.591652 0.862323
vt 0.591623 0.631597
vt 0.336085 0.806863
vt 0.336054 0.666368
vt 0.297177 0.634097
vt 0.297215 0.806869
vt 0.002745 0.631647
vt 0.002777 0.862373
vt 0.591654 0.862320
vt 0.591622 0.631594
vt 0.002747 0.663022
vt 0.002775 0.830979
vt 0.591652 0.830945
vt 0.591623 0.662988
vt 0.361059 0.862337
vt 0.361007 0.631611
vt 0.258314 0.666379
vt 0.258345 0.806874
vt 0.757283 0.167810
vt 0.709917 0.219236
vt 0.653423 0.330643
vt 0.758581 0.330647
vt 0.868217 0.164565
vt 0.868209 0.330652
vt 0.757214 0.162931
vt 0.638569 0.162911
vt 0.641132 0.330388
vt 0.758658 0.330408
vt 0.880902 0.162952
vt 0.880874 0.330428
vt 0.770113 0.715299
vt 0.770067 0.999993
vt 0.925269 1.000007
vt 0.925316 0.715312
vt 0.044754 0.657575
vt 0.044783 0.888082
vt 0.373120 0.888040
vt 0.373092 0.657534
vt 0.133691 0.879027
vt 0.464502 0.879017
vt 0.464495 0.648511
vt 0.133684 0.648521
vt 0.545189 0.637502
vt 0.000955 0.637316
vt 0.000889 0.867822
vt 0.545123 0.868008
vt 0.001763 0.649130
vt 0.001740 0.879636
vt 0.597803 0.879695
vt 0.597825 0.649188
vt 0.592233 0.208813
vt 0.323609 0.208841
vt 0.536338 0.214782
vt 0.059714 0.214779
vt 0.299732 0.069811
vt 0.397676 0.069793
vt 0.397667 0.020204
vt 0.299723 0.020222
vt 0.129291 0.069782
vt 0.470155 0.069840
vt 0.470164 0.020251
vt 0.129299 0.020193
vt 0.201783 0.069808
vt 0.299727 0.069811
vt 0.299728 0.020222
vt 0.201784 0.020220
vt 0.397671 0.069813
vt 0.397672 0.020224
vt 0.129297 0.069823
vt 0.470161 0.069798
vt 0.470158 0.020209
vt 0.129293 0.020235
vt 0.201788 0.069829
vt 0.201779 0.020240
vt 0.327134 0.273323
vt 0.327112 0.541948
vt 0.536087 0.541965
vt 0.536109 0.273341
vt 0.059713 0.422578
vt 0.536336 0.422510
vt 0.536307 0.213541
vt 0.059683 0.213608
vt 0.000291 0.397305
vt 0.271389 0.397318
vt 0.271399 0.188343
vt 0.000301 0.188330
vt 0.059675 0.213606
vt 0.059713 0.422576
vt 0.223181 0.422546
vt 0.223143 0.213576
vt 0.000284 0.545494
vt 0.271382 0.545507
vt 0.331103 0.397320
vt 0.331096 0.545510
vt 0.059734 0.570763
vt 0.000022 0.570772
vt 0.536357 0.570696
vt 0.596048 0.422502
vt 0.596069 0.570687
vt 0.000028 0.570772
vt 0.059740 0.570761
vt 0.223208 0.570731
vt 0.448739 0.451811
vt 0.389027 0.451804
vt 0.389010 0.599989
vt 0.448722 0.599996
vt 0.496628 0.600000
vt 0.496628 0.500727
vt 0.477368 0.500727
vt 0.477368 0.600000
vt 0.565935 0.333572
vt 0.297311 0.333527
vt 0.297286 0.481716
vt 0.565910 0.481762
vt 0.271362 0.165563
vt 0.000264 0.165598
vt 0.059685 0.214770
vt 0.535047 0.214707
vt 0.470164 0.020254
vt 0.129300 0.020190
vt 0.129290 0.069778
vt 0.470155 0.069843
vt 0.201784 0.069815
vt 0.299728 0.069811
vt 0.299726 0.020222
vt 0.201782 0.020226
vt 0.299725 0.069810
vt 0.397669 0.069821
vt 0.397674 0.020232
vt 0.299730 0.020222
vt 0.129294 0.069802
vt 0.470159 0.069818
vt 0.470161 0.020230
vt 0.129296 0.020214
vt 0.201781 0.069800
vt 0.201786 0.020212
vt 0.397672 0.069806
vt 0.397670 0.020217
vt 0.470155 0.020191
vt 0.129291 0.020253
vt 0.129300 0.069842
vt 0.470164 0.069779
vt 0.201749 0.069677
vt 0.299693 0.069811
vt 0.299761 0.020222
vt 0.201817 0.020088
vt 0.299720 0.069810
vt 0.397664 0.069839
vt 0.397678 0.020250
vt 0.299735 0.020222
vt 0.129296 0.069813
vt 0.470160 0.069808
vt 0.470159 0.020219
vt 0.129295 0.020225
vt 0.201776 0.069782
vt 0.201791 0.020193
vt 0.397638 0.069944
vt 0.397705 0.020355
vt 0.471113 0.020232
vt 0.128344 0.020212
vt 0.128341 0.069800
vt 0.471110 0.069821
vt 0.201785 0.069816
vt 0.299728 0.069810
vt 0.299726 0.020222
vt 0.201782 0.020227
vt 0.299723 0.020222
vt 0.201779 0.020240
vt 0.201788 0.069829
vt 0.299732 0.069811
vt 0.397673 0.069805
vt 0.397670 0.020217
vt 0.128339 0.069787
vt 0.471109 0.069834
vt 0.471115 0.020245
vt 0.128346 0.020198
vt 0.397667 0.020204
vt 0.397676 0.069792
vt 0.299726 0.069810
vt 0.397670 0.069816
vt 0.397673 0.020227
vt 0.299729 0.020222
vt 0.128339 0.069786
vt 0.471109 0.069835
vt 0.471116 0.020246
vt 0.128346 0.020198
vt 0.397669 0.020214
vt 0.299725 0.020222
vt 0.299729 0.069811
vt 0.397673 0.069803
vt 0.201781 0.020230
vt 0.201785 0.069819
vt 0.471109 0.020204
vt 0.128340 0.020239
vt 0.128346 0.069828
vt 0.471114 0.069793
vt 0.201782 0.069805
vt 0.201785 0.020216
vt 0.128334 0.069751
vt 0.471103 0.069870
vt 0.471121 0.020281
vt 0.128351 0.020162
vt 0.201788 0.069829
vt 0.299732 0.069810
vt 0.299723 0.020222
vt 0.201779 0.020240
vt 0.299727 0.020222
vt 0.201784 0.020221
vt 0.201783 0.069810
vt 0.299727 0.069810
vt 0.397676 0.069792
vt 0.397667 0.020204
vt 0.128339 0.069783
vt 0.471108 0.069838
vt 0.471116 0.020249
vt 0.128347 0.020194
vt 0.397671 0.020222
vt 0.397671 0.069811
vt 0.223222 0.451785
vt 0.223205 0.599970
vt 0.223246 0.242815
vt 0.389052 0.242835
vt 0.006804 0.078438
vt 0.249871 0.078477
vt 0.249881 0.011539
vt 0.006815 0.011500
vt 0.592640 0.078532
vt 0.592651 0.011595
vt 0.419546 0.011564
vt 0.270099 0.011543
vt 0.270089 0.078481
vt 0.419537 0.078501
vt 0.249877 0.011546
vt 0.006811 0.011540
vt 0.006809 0.078478
vt 0.249875 0.078484
vt 0.592646 0.011555
vt 0.592644 0.078492
vt 0.179918 0.011530
vt 0.179909 0.078468
vt 0.926109 0.348065
vt 0.772106 0.347884
vt 0.771743 0.716932
vt 0.925747 0.717113
vt 0.767155 0.592555
vt 0.767151 0.374935
vt 0.758906 0.374936
vt 0.758910 0.592555
vt 0.758884 0.375066
vt 0.758873 0.594818
vt 0.766365 0.594819
vt 0.766376 0.375067
vt 0.634041 0.592555
vt 0.634046 0.374936
vt 0.625801 0.374935
vt 0.625796 0.592555
vt 0.625846 0.385613
vt 0.625846 0.393934
vt 0.634075 0.393935
vt 0.634076 0.385614
vt 0.757652 0.458962
vt 0.757663 0.372196
vt 0.634829 0.372181
vt 0.634818 0.458946
vt 0.754724 0.369113
vt 0.754723 0.366624
vt 0.635355 0.366635
vt 0.635356 0.369124
vt 0.635354 0.332794
vt 0.754722 0.332783
vt 0.625882 0.332795
vt 0.625884 0.366636
vt 0.625885 0.369125
vt 0.767137 0.366623
vt 0.767138 0.369112
vt 0.767136 0.332782
vt 0.767614 0.372198
vt 0.757594 0.372196
vt 0.757568 0.576606
vt 0.767588 0.576608
vt 0.634873 0.576590
vt 0.634899 0.372181
vt 0.625083 0.372180
vt 0.625057 0.576589
vt 0.633468 0.590573
vt 0.633498 0.371240
vt 0.626091 0.371239
vt 0.626061 0.590572
vt 0.626060 0.371241
vt 0.626092 0.590573
vt 0.633499 0.590571
vt 0.633467 0.371239
vt 0.757637 0.576606
vt 0.634803 0.576590
vt 0.448394 0.451995
vt 0.389366 0.451999
vt 0.389375 0.598489
vt 0.448403 0.598486
vt 0.507432 0.598482
vt 0.507423 0.451992
vt 0.225458 0.452009
vt 0.225467 0.598500
vt 0.225445 0.245431
vt 0.389353 0.245421
vt 0.757650 0.480497
vt 0.634815 0.480482
vt 0.757646 0.511445
vt 0.634811 0.511429
vt 0.204492 0.987002
vt 0.204530 0.745288
vt 0.134369 0.745277
vt 0.134332 0.986991
vt 0.273885 0.987013
vt 0.273922 0.745299
vt 0.344045 0.987024
vt 0.344082 0.745309
vt 0.329446 0.729206
vt 0.291085 0.784057
vt 0.367378 0.784198
vt 0.291505 0.784209
vt 0.367378 0.784198
vt 0.291505 0.784209
vt 0.329445 0.729206
vt 0.291085 0.784056
vt 0.413437 0.987034
vt 0.413474 0.745320
vt 0.367798 0.784062
vt 0.329434 0.729059
vt 0.329434 0.729059
vt 0.367798 0.784062
vt 0.124017 0.526416
vt 0.405054 0.526837
vt 0.405079 0.510258
vt 0.124042 0.509838
vt 0.405192 0.434483
vt 0.124155 0.434062
vt 0.042693 0.562260
vt 0.486468 0.562332
vt 0.468039 0.538076
vt 0.061130 0.538010
vt 0.468058 0.421127
vt 0.061149 0.421061
vt 0.218301 0.498294
vt 0.318907 0.504691
vt 0.318778 0.475061
vt 0.205999 0.475095
vt 0.211240 0.506489
vt 0.311844 0.500067
vt 0.324141 0.476865
vt 0.211363 0.476859
vt 0.157463 0.678910
vt 0.157479 0.815088
vt 0.436936 0.815057
vt 0.436920 0.678879
vt 0.157464 0.678908
vt 0.157478 0.815087
vt 0.436935 0.815059
vt 0.436921 0.678880
vt 0.157467 0.777258
vt 0.436924 0.777295
vt 0.436932 0.716709
vt 0.157475 0.716672
vt 0.553241 0.899960
vt 0.553241 0.601450
vt 0.299725 0.601450
vt 0.299725 0.899960
vt 0.294641 0.618888
vt 0.294604 0.926997
vt 0.438991 0.927004
vt 0.439029 0.618894
vt 0.151162 0.618881
vt 0.151124 0.926990
vt 0.007779 0.926984
vt 0.007817 0.618875
vt 0.046755 0.899960
vt 0.046794 0.601450
vt 0.046827 0.601450
vt 0.046758 0.899960
vt 0.598635 0.927011
vt 0.598673 0.618902
vt 0.046752 0.899960
vt 0.046791 0.601450
vt 0.046758 0.899960
vt 0.046827 0.601450
vt 0.900026 0.316092
vt 0.900037 0.176372
vt 0.626037 0.176350
vt 0.626025 0.316070
vt 0.898984 0.316078
vt 0.898971 0.176358
vt 0.624970 0.176383
vt 0.624983 0.316103
vt 0.642415 0.315589
vt 0.893379 0.303218
vt 0.905126 0.175364
vt 0.630167 0.175333
vt 0.636332 0.308375
vt 0.894622 0.309997
vt 0.898511 0.176882
vt 0.629266 0.172564
vt 0.897499 0.310790
vt 0.911962 0.181327
vt 0.643716 0.323995
vt 0.632214 0.315965
vt 0.893633 0.318445
vt 0.622220 0.178615
vt 0.348904 0.928633
vt 0.412781 0.928633
vt 0.412781 0.602617
vt 0.348904 0.602617
vt 0.009362 0.678910
vt 0.009393 0.815088
vt 0.585037 0.815057
vt 0.585005 0.678879
vt 0.157471 0.746965
vt 0.436928 0.747002
vt 0.770676 0.717306
vt 0.770650 0.816276
vt 0.855481 0.816283
vt 0.855507 0.717313
vt 0.842353 0.769280
vt 0.842351 0.914199
vt 0.852478 0.914199
vt 0.852479 0.769280
vt 0.842205 0.798930
vt 0.842203 0.884550
vt 0.852625 0.884550
vt 0.852627 0.798930
vt 0.842353 0.769281
vt 0.842351 0.914200
vt 0.852478 0.914200
vt 0.852480 0.769281
vt 0.842205 0.798930
vt 0.842202 0.884550
vt 0.852627 0.798930
vt 0.601629 0.903218
vt 0.601631 0.995720
vt 0.766748 0.995688
vt 0.766746 0.903186
vt 0.601632 0.903182
vt 0.601629 0.995685
vt 0.766745 0.995723
vt 0.766748 0.903221
vt 0.853547 0.837710
vt 0.841910 0.837712
vt 0.841915 0.952825
vt 0.853551 0.952823
vt 0.853544 0.837709
vt 0.841907 0.837713
vt 0.841918 0.952826
vt 0.853555 0.952822
vt 0.844661 0.849310
vt 0.844659 0.877838
vt 0.850594 0.877838
vt 0.850595 0.849310
vt 0.842625 0.746309
vt 0.842620 0.980839
vt 0.852629 0.980839
vt 0.852635 0.746309
vt 0.841910 0.837712
vt 0.601629 0.995685
vt 0.766745 0.995723
vt 0.853547 0.837710
vt 0.841910 0.837712
vt 0.841915 0.952825
vt 0.853544 0.837709
vt 0.853544 0.837709
vt 0.841907 0.837713
vt 0.601631 0.995720
vt 0.601629 0.903218
vt 0.766748 0.995688
vt 0.766746 0.903186
vt 0.601632 0.903182
vt 0.601629 0.995685
vt 0.601632 0.903182
vt 0.601629 0.995685
vt 0.742588 0.996754
vt 0.742591 0.904252
vt 0.627476 0.331274
vt 0.627477 0.367122
vt 0.764222 0.367122
vt 0.764222 0.331274
vt 0.627477 0.331274
vt 0.764222 0.331274
vt 0.764222 0.367122
vt 0.627476 0.331274
vt 0.627476 0.367122
vt 0.764221 0.331274
vt 0.764367 0.353531
vt 0.627207 0.353531
vt 0.627207 0.365536
vt 0.764367 0.365536
vt 0.764367 0.353531
vt 0.627207 0.365536
vt 0.764367 0.353531
vt 0.627207 0.353531
vt 0.627207 0.365536
vt 0.627207 0.353531
vt 0.071983 0.902205
vt 0.531760 0.902252
vt 0.531793 0.641014
vt 0.072016 0.640967
vt 0.161085 0.946218
vt 0.326277 0.946206
vt 0.326262 0.732019
vt 0.161060 0.602586
vt 0.141414 0.936233
vt 0.308274 0.936246
vt 0.308302 0.605791
vt 0.141431 0.730259
vt 0.004355 0.602598
vt 0.004381 0.946230
vt 0.466560 0.936258
vt 0.466588 0.605803
vt 0.395595 0.686199
vt 0.395598 0.949443
vt 0.532679 0.949441
vt 0.532675 0.601583
vt 0.407504 0.601590
vt 0.407542 0.949448
vt 0.520770 0.949436
vt 0.520732 0.601578
vt 0.915269 0.162288
vt 0.610563 0.162288
vt 0.610563 0.330258
vt 0.915269 0.330258
vt 0.915533 0.330243
vt 0.915528 0.162678
vt 0.610558 0.162692
vt 0.546563 0.593032
vt 0.546621 0.141592
vt 0.062195 0.877240
vt 0.131660 0.877251
vt 0.131694 0.648176
vt 0.062228 0.648165
vt 0.000006 0.994624
vt 0.071635 0.994627
vt 0.064977 0.960069
vt 0.000007 0.960066
vt 0.651151 0.900000
vt 0.700819 0.900000
vt 0.700819 0.600000
vt 0.651151 0.600000
vt 0.602293 0.600000
vt 0.602293 0.900000
vt 0.002180 0.899056
vt 0.299654 0.899056
vt 0.292481 0.600003
vt 0.001490 0.600001
vt 0.001666 0.899056
vt 0.300346 0.899056
vt 0.300289 0.600000
vt 0.001637 0.600000
vt 0.550246 0.899056
vt 0.550246 0.600000
vt 0.552702 0.899056
vt 0.552691 0.600000
vt 0.064979 0.922279
vt 0.000009 0.922276
vt 0.699861 0.900000
vt 0.699861 0.618975
vt 0.000009 0.861242
vt 0.000060 0.599506
vt 0.195294 0.600180
vt 0.195341 0.852216
vt -0.000000 0.988368
vt 0.070040 0.988717
vt 0.151718 0.911405
vt 0.000009 0.909920
vt 0.178967 0.911343
vt 0.408226 0.911291
vt 0.408098 0.994572
vt 0.178981 0.994624
vt 0.273525 0.560579
vt 0.206200 0.560578
vt 0.206199 0.588498
vt 0.273525 0.588499
vt 0.209986 0.560578
vt 0.171011 0.560579
vt 0.171012 0.588499
vt 0.209986 0.588498
vt 0.248688 0.560578
vt 0.248688 0.588498
vt 0.213499 0.560578
vt 0.146174 0.560581
vt 0.146175 0.588501
vt 0.213500 0.588498
vt 0.273524 0.560575
vt 0.273525 0.588495
vt 0.209711 0.560578
vt 0.171010 0.560584
vt 0.171014 0.588504
vt 0.209715 0.588498
vt 0.248686 0.560573
vt 0.248690 0.588493
vt 0.146175 0.560578
vt 0.146174 0.588497
vt 0.662324 0.708391
vt 0.637060 0.680381
vt 0.637046 0.776309
vt 0.662314 0.775714
vt 0.140245 0.972176
vt 0.164658 0.944178
vt 0.101616 0.944157
vt 0.101544 0.972163
vt 0.349896 0.959466
vt 0.286854 0.959469
vt 0.311260 0.986153
vt 0.349960 0.986151
vt 0.637033 0.862419
vt 0.662305 0.835738
vt 0.037312 0.944136
vt 0.062571 0.972151
vt 0.637407 0.692167
vt 0.637397 0.788094
vt 0.661804 0.760090
vt 0.661811 0.692767
vt 0.661817 0.632744
vt 0.637415 0.606057
vt 0.388934 0.986149
vt 0.414201 0.959463
vt 0.199352 0.720808
vt 0.246727 0.720803
vt 0.184236 0.804955
vt 0.183677 0.737836
vt 0.247243 0.783821
vt 0.199911 0.783825
vt 0.224996 0.737831
vt 0.225511 0.804951
vt 0.599995 0.991358
vt 0.600000 0.915792
vt 0.541299 0.825207
vt 0.567259 0.911255
vt 0.567273 0.994536
vt 0.853946 0.822827
vt 0.841992 0.822827
vt 0.841995 0.853788
vt 0.853950 0.853788
vt 0.853839 0.822827
vt 0.841995 0.822827
vt 0.853839 0.853788
vt 0.780050 0.236643
vt 0.780050 0.242318
vt 0.742117 0.242312
vt 0.742117 0.236637
vt 0.780057 0.237633
vt 0.780040 0.243308
vt 0.742110 0.241322
vt 0.742127 0.235648
vt 0.920440 0.236894
vt 0.920439 0.242570
vt 0.601727 0.242062
vt 0.601727 0.236386
vt 0.781499 0.236631
vt 0.781499 0.242306
vt 0.740668 0.242326
vt 0.740668 0.236650
vt 0.781498 0.236640
vt 0.781499 0.242314
vt 0.740668 0.242316
vt 0.740668 0.236640
vt 0.917929 0.328093
vt 0.606106 0.328056
vt 0.606116 0.164359
vt 0.917939 0.164396
vt 0.606116 0.164359
vt 0.917929 0.328094
vt 0.917939 0.164396
vt 0.917929 0.328093
vt 0.606106 0.328056
vt 0.606116 0.164359
vt 0.917939 0.164396
vt 0.917929 0.328093
vt 0.606106 0.328056
vt 0.745427 0.242318
vt 0.776740 0.242314
vt 0.776740 0.236638
vt 0.745427 0.236642
vt 0.776739 0.236636
vt 0.745427 0.236644
vt 0.745427 0.242319
vt 0.776739 0.242312
vt 0.917933 0.192976
vt 0.606110 0.192938
vt 0.917929 0.328093
vt 0.917932 0.192977
vt 0.606109 0.192940
vt 0.917929 0.328094
vt 0.917935 0.192970
vt 0.606112 0.192932
vt 0.917936 0.192974
vt 0.606113 0.192937
vt 0.737812 0.608554
vt 0.711543 0.608552
vt 0.711532 0.817801
vt 0.737802 0.817804
vt 0.756509 0.817802
vt 0.756519 0.608552
vt 0.725414 0.817802
vt 0.711542 0.817802
vt 0.711532 0.608552
vt 0.725404 0.608552
vt 0.756509 0.608552
vt 0.756519 0.817802
vt 0.730247 0.608554
vt 0.711542 0.608552
vt 0.711532 0.817802
vt 0.730237 0.817804
vt 0.756509 0.817802
vt 0.756519 0.608552
vt 0.737806 0.815954
vt 0.756512 0.815955
vt 0.756519 0.610394
vt 0.737812 0.610393
vt 0.711542 0.610393
vt 0.711536 0.815954
vt 0.726544 0.608551
vt 0.711552 0.608550
vt 0.711522 0.817802
vt 0.726515 0.817802
vt 0.726524 0.817802
vt 0.726534 0.608552
vt 0.741517 0.817802
vt 0.741527 0.608552
vt 0.756529 0.608552
vt 0.741536 0.608552
vt 0.741507 0.817803
vt 0.756499 0.817804
vt 0.726544 0.817803
vt 0.711552 0.817804
vt 0.711522 0.608552
vt 0.726515 0.608552
vt 0.726524 0.608552
vt 0.726534 0.817802
vt 0.741517 0.608552
vt 0.741527 0.817802
vt 0.756529 0.817802
vt 0.741536 0.817802
vt 0.741507 0.608551
vt 0.756499 0.608550
vt 0.726515 0.817802
vt 0.741507 0.817803
vt 0.726544 0.608551
vt 0.711522 0.817802
vt 0.711552 0.608550
vt 0.726534 0.608552
vt 0.726524 0.817802
vt 0.741527 0.608552
vt 0.741517 0.817802
vt 0.756499 0.817804
vt 0.741530 0.617098
vt 0.756523 0.617098
vt 0.756524 0.608357
vt 0.741532 0.608356
vt 0.711543 0.617097
vt 0.726536 0.617098
vt 0.726536 0.608356
vt 0.711544 0.608356
vt 0.741528 0.617098
vt 0.741528 0.608356
vt 0.756520 0.617098
vt 0.756521 0.608356
vt 0.711546 0.617096
vt 0.726538 0.617097
vt 0.726540 0.608355
vt 0.711547 0.608355
vt 0.741522 0.679873
vt 0.756514 0.679874
vt 0.711541 0.679872
vt 0.726533 0.679873
vt 0.741525 0.679873
vt 0.756517 0.679873
vt 0.711537 0.679872
vt 0.726529 0.679873
vt 0.741532 0.607775
vt 0.726540 0.607774
vt 0.711547 0.607774
vt 0.756521 0.607775
vt 0.741529 0.607775
vt 0.726536 0.607775
vt 0.711544 0.607775
vt 0.756524 0.607776
vt 0.741526 0.610391
vt 0.726534 0.610390
vt 0.726515 0.815953
vt 0.741507 0.815954
vt 0.756519 0.610392
vt 0.756499 0.815955
vt 0.741520 0.815955
vt 0.741527 0.610394
vt 0.726528 0.815955
vt 0.726534 0.610394
vt 0.711542 0.610389
vt 0.711522 0.815952
vt 0.748489 0.675871
vt 0.748576 0.735658
vt 0.723430 0.750179
vt 0.723339 0.661355
vt 0.724205 0.748306
vt 0.723108 0.659630
vt 0.748432 0.673837
vt 0.749170 0.733478
vt 0.744112 0.662783
vt 0.744584 0.751465
vt 0.719359 0.737081
vt 0.719042 0.677436
vt 0.748187 0.660135
vt 0.748179 0.748820
vt 0.723033 0.734299
vt 0.723038 0.674652
vt 0.743793 0.663172
vt 0.743787 0.751856
vt 0.718642 0.737335
vt 0.718645 0.677689
vt 0.747796 0.660146
vt 0.747795 0.748829
vt 0.722647 0.734311
vt 0.722648 0.674664
vt 0.726592 0.746614
vt 0.726609 0.657930
vt 0.751753 0.672454
vt 0.751742 0.732101
vt 0.723867 0.747365
vt 0.723880 0.658681
vt 0.749025 0.673204
vt 0.749017 0.732850
vt 0.727823 0.746562
vt 0.727807 0.657877
vt 0.752958 0.672392
vt 0.752968 0.732039
vt 0.719966 0.735952
vt 0.718760 0.676979
vt 0.743910 0.662464
vt 0.745124 0.750451
vt 0.756515 0.678302
vt 0.741523 0.678302
vt 0.726531 0.678302
vt 0.711539 0.678302
vt 0.711532 0.748051
vt 0.726525 0.748052
vt 0.756509 0.748053
vt 0.741518 0.782927
vt 0.756510 0.782927
vt 0.726526 0.782927
vt 0.711534 0.782927
vt 0.726539 0.643426
vt 0.711547 0.643426
vt 0.756524 0.643427
vt 0.741520 0.748052
vt 0.756512 0.748052
vt 0.726528 0.748052
vt 0.711536 0.748052
vt 0.726534 0.678301
vt 0.711542 0.678301
vt 0.756519 0.678303
vt 0.737807 0.608550
vt 0.737797 0.817800
vt 0.725414 0.817803
vt 0.725404 0.608553
vt 0.730249 0.608554
vt 0.730239 0.817804
vt 0.737801 0.815956
vt 0.737808 0.610395
vt 0.629587 0.781458
vt 0.723423 0.661495
vt 0.748571 0.676012
vt 0.745055 0.661767
vt 0.719919 0.676305
vt 0.723351 0.750039
vt 0.748496 0.735517
vt 0.743895 0.751149
vt 0.718750 0.736625
vt 0.741517 0.748053
vt 0.741532 0.643427
vt 0.741527 0.678302
vt 0.624818 0.364308
vt 0.624832 0.596689
vt 0.636575 0.596688
vt 0.636561 0.364307
vt 0.273525 0.677707
vt 0.206200 0.677707
vt 0.206199 0.705626
vt 0.273525 0.705627
vt 0.209986 0.677707
vt 0.171011 0.677707
vt 0.171012 0.705627
vt 0.209986 0.705627
vt 0.248688 0.677706
vt 0.248688 0.705626
vt 0.213499 0.677706
vt 0.146174 0.677710
vt 0.146175 0.705629
vt 0.213500 0.705626
vt 0.273524 0.677704
vt 0.273525 0.705624
vt 0.209711 0.677707
vt 0.171010 0.677712
vt 0.171014 0.705632
vt 0.209715 0.705626
vt 0.248686 0.677701
vt 0.248690 0.705621
vt 0.146175 0.677706
vt 0.146174 0.705626
vt 0.633825 0.863705
vt 0.668286 0.896209
vt 0.668305 0.784888
vt 0.633838 0.785578
vt 0.324990 0.934021
vt 0.296659 0.972212
vt 0.369818 0.972240
vt 0.369901 0.934039
vt 0.071456 0.971355
vt 0.144615 0.971351
vt 0.116293 0.934954
vt 0.071382 0.934956
vt 0.668322 0.684959
vt 0.633850 0.715922
vt 0.444441 0.972269
vt 0.415129 0.934056
vt 0.656072 0.792209
vt 0.656085 0.680888
vt 0.622792 0.713385
vt 0.622784 0.791512
vt 0.622776 0.861167
vt 0.656061 0.892137
vt 0.026154 0.934959
vt -0.003167 0.971359
vt 0.750248 0.798478
vt 0.757570 0.784412
vt 0.757580 0.709378
vt 0.750259 0.723445
vt 0.731754 0.802371
vt 0.731765 0.727337
vt 0.717522 0.792196
vt 0.717532 0.717162
vt 0.710204 0.778127
vt 0.710215 0.703094
vt 0.709200 0.780782
vt 0.728803 0.784913
vt 0.728815 0.705371
vt 0.709211 0.701239
s 0
usemtl lambert1
f 1/1/1 2/2/1 3/3/1
f 3/3/1 2/2/1 4/4/1
f 2/2/1 5/5/1 4/4/1
f 5/5/1 6/6/1 4/4/1
f 7/7/1 8/8/1 9/9/1
f 9/9/1 8/8/1 10/10/1
f 8/8/1 11/11/1 10/10/1
s 1
f 12/12/1 13/13/1 11/11/1
s 0
f 13/13/1 14/14/1 11/11/1
f 11/11/1 14/14/1 10/10/1
s 1
f 15/15/1 16/16/1 17/17/1
s 0
f 17/17/1 16/16/1 18/18/1
f 16/16/1 19/19/1 18/18/1
s 1
f 18/18/1 19/19/1 20/20/1
s 0
f 19/19/1 21/21/1 20/20/1
s 1
f 21/21/1 22/22/1 20/20/1
s 0
f 22/22/1 23/23/1 20/20/1
f 23/23/1 24/24/1 20/20/1
f 24/24/1 25/25/1 20/20/1
f 26/26/1 27/27/1 28/28/1
f 28/28/1 27/27/1 29/29/1
f 27/27/1 30/30/1 29/29/1
f 30/30/1 31/31/1 29/29/1
f 32/32/1 33/33/1 34/34/1
f 35/35/1 36/36/1 33/33/1
f 33/33/1 36/36/1 34/34/1
f 37/37/1 38/38/1 39/39/1
f 39/39/1 38/38/1 40/40/1
f 41/41/1 42/42/1 38/38/1
f 38/38/1 42/42/1 40/40/1
f 43/43/1 44/44/1 45/45/1
s 1
f 45/45/1 44/44/1 46/46/1
s 0
f 47/47/1 46/46/1 48/48/1
f 44/44/1 48/48/1 46/46/1
s 1
f 49/49/1 50/50/1 51/51/1
s 0
f 52/52/1 53/53/1 50/50/1
f 50/50/1 53/53/1 51/51/1
f 54/1/2 55/2/2 56/3/2
f 57/5/2 58/6/2 55/2/2
f 58/6/2 59/4/2 55/2/2
f 55/2/2 59/4/2 56/3/2
f 60/7/2 61/8/2 62/9/2
f 62/9/2 61/8/2 63/10/2
f 64/12/2 65/13/2 66/11/2
f 65/13/2 67/14/2 66/11/2
s 1
f 66/11/2 67/14/2 61/8/2
s 0
f 61/8/2 67/14/2 63/10/2
f 68/54/2 69/55/2 70/56/2
f 70/56/2 69/55/2 71/18/2
f 69/55/2 72/57/2 71/18/2
f 71/18/2 72/57/2 73/20/2
f 72/57/2 74/58/2 73/20/2
f 74/58/2 75/59/2 73/20/2
f 75/59/2 76/60/2 73/20/2
f 76/60/2 77/61/2 73/20/2
f 77/61/2 78/25/2 73/20/2
f 79/26/2 80/27/2 81/28/2
f 81/28/2 80/27/2 82/29/2
f 83/31/2 82/29/2 84/30/2
f 80/27/2 84/30/2 82/29/2
f 85/32/2 86/33/2 87/34/2
f 88/35/2 89/36/2 86/33/2
f 86/33/2 89/36/2 87/34/2
f 90/37/2 91/38/2 92/39/2
f 92/39/2 91/38/2 93/40/2
f 94/41/2 95/42/2 91/38/2
f 91/38/2 95/42/2 93/40/2
f 96/43/2 97/44/2 98/45/2
f 98/45/2 97/44/2 99/46/2
f 100/47/2 99/46/2 101/48/2
f 97/44/2 101/48/2 99/46/2
f 102/49/2 103/50/2 104/51/2
f 105/52/2 106/53/2 103/50/2
f 103/50/2 106/53/2 104/51/2
f 107/62/3 108/63/3 109/64/3
f 110/65/3 111/66/3 108/63/3
f 108/63/3 111/66/3 109/64/3
s 1
f 112/67/4 113/68/4 114/69/4
s 0
f 115/70/4 114/69/4 116/71/4
s 1
f 114/69/4 113/68/4 116/71/4
s 0
f 117/72/4 118/73/4 119/74/4
f 119/74/4 118/73/4 120/75/4
f 118/73/4 121/76/4 120/75/4
f 122/77/3 123/78/3 124/79/3
f 123/78/3 125/80/3 124/79/3
f 125/80/3 126/81/3 124/79/3
f 126/81/3 127/82/3 124/79/3
f 128/83/4 129/84/4 130/85/4
f 131/86/4 132/87/4 129/84/4
s 1
f 129/84/4 132/87/4 130/85/4
s 0
f 133/88/3 134/89/3 135/90/3
f 136/91/3 137/92/3 134/89/3
f 137/92/3 138/93/3 134/89/3
f 139/94/3 135/90/3 138/93/3
f 134/89/3 138/93/3 135/90/3
f 140/95/3 141/96/3 142/97/3
f 142/97/3 141/96/3 143/98/3
f 141/96/3 144/99/3 143/98/3
f 145/100/3 146/101/3 147/102/3
f 147/102/3 146/101/3 148/103/3
f 149/104/3 150/105/3 146/101/3
f 146/101/3 150/105/3 148/103/3
f 151/106/3 152/107/3 153/108/3
f 154/109/3 155/110/3 152/107/3
f 152/107/3 155/110/3 153/108/3
f 155/110/3 156/111/3 153/108/3
f 157/112/4 158/113/4 159/114/4
f 159/114/4 158/113/4 160/115/4
f 161/116/4 162/117/4 163/118/4
f 162/117/4 164/119/4 163/118/4
f 164/119/4 165/120/4 163/118/4
f 158/113/4 163/118/4 160/115/4
f 163/118/4 165/120/4 160/115/4
s 1
f 157/112/4 159/114/4 128/83/4
s 0
f 159/114/4 162/117/4 128/83/4
f 128/83/4 162/117/4 129/84/4
f 162/117/4 161/116/4 129/84/4
s 1
f 159/114/4 164/119/4 162/117/4
s 0
f 166/121/3 167/122/3 168/123/3
f 168/123/3 167/122/3 169/124/3
f 170/125/3 171/126/3 167/122/3
f 171/126/3 169/124/3 167/122/3
f 143/98/3 144/99/3 172/127/3
f 126/81/3 125/80/3 173/128/3
f 174/129/3 175/130/3 176/131/3
f 177/132/3 178/133/3 175/130/3
f 175/130/3 178/133/3 176/131/3
f 178/133/3 179/134/3 176/131/3
f 180/135/3 181/136/3 182/137/3
f 181/136/3 183/138/3 182/137/3
f 183/138/3 184/139/3 182/137/3
f 185/140/5 186/141/5 187/142/5
f 188/143/5 189/144/5 187/142/5
s 1
f 190/145/5 191/143/5 192/142/5
s 0
f 193/146/5 194/140/5 192/142/5
f 195/147/6 196/148/6 197/149/6
f 195/147/6 197/149/6 198/150/6
f 199/151/7 200/152/7 201/153/7
f 199/151/7 201/153/7 202/154/7
f 3140/152/2 203/155/2 204/156/2
f 3140/152/2 204/156/2 3095/153/2
f 3115/155/8 205/157/8 206/158/8
f 3115/155/8 206/158/8 3143/156/8
f 207/159/9 208/160/9 209/161/9
f 207/159/9 209/161/9 210/162/9
f 3116/160/1 3250/147/1 3114/150/1
f 3116/160/1 3114/150/1 3144/161/1
f 211/147/6 212/148/6 213/149/6
f 211/147/6 213/149/6 214/150/6
f 215/151/7 216/152/7 217/153/7
f 215/151/7 217/153/7 218/154/7
f 3055/152/2 219/155/2 220/156/2
f 3055/152/2 220/156/2 3117/153/2
s 1
f 3119/155/8 221/157/8 222/158/8
s 0
f 3119/155/8 222/158/8 3149/156/8
f 223/159/9 224/160/9 225/161/9
f 223/159/9 225/161/9 226/162/9
f 3120/160/1 3111/147/1 3135/150/1
f 3120/160/1 3135/150/1 3150/161/1
f 227/163/2 228/164/2 229/165/2
f 227/163/2 229/165/2 230/166/2
f 231/167/1 232/168/1 233/169/1
f 231/167/1 233/169/1 234/170/1
f 235/171/5 236/172/5 237/173/5
f 235/171/5 237/173/5 238/174/5
f 239/175/3 240/164/3 241/165/3
f 239/175/3 241/165/3 242/168/3
f 243/176/4 244/170/4 245/177/4
f 243/176/4 245/177/4 246/178/4
f 247/179/2 248/180/2 249/181/2
f 247/179/2 249/181/2 250/178/2
f 251/182/1 252/183/1 253/179/1
f 251/182/1 253/179/1 254/170/1
f 255/171/5 256/172/5 257/173/5
f 255/171/5 257/173/5 258/174/5
f 259/179/3 260/184/3 261/185/3
f 259/179/3 261/185/3 262/186/3
f 263/187/4 264/188/4 265/185/4
f 263/187/4 265/185/4 266/183/4
f 267/189/2 268/190/2 269/191/2
f 267/189/2 269/191/2 270/192/2
f 271/193/1 272/194/1 273/195/1
f 271/193/1 273/195/1 274/196/1
f 3161/190/3 3162/195/3 3156/194/3
f 3161/190/3 3156/194/3 3155/191/3
f 275/197/4 3148/189/4 3096/192/4
f 275/197/4 3096/192/4 276/198/4
f 277/189/2 278/190/2 279/191/2
f 277/189/2 279/191/2 280/192/2
f 281/193/1 282/194/1 283/195/1
f 281/193/1 283/195/1 284/196/1
f 3070/190/3 3069/195/3 3083/194/3
f 3070/190/3 3083/194/3 3084/191/3
f 285/197/4 3085/189/4 3082/192/4
f 285/197/4 3082/192/4 286/198/4
f 287/199/2 288/200/2 289/201/2
f 287/199/2 289/201/2 290/202/2
f 291/203/1 292/204/1 293/205/1
f 291/203/1 293/205/1 294/206/1
f 295/171/5 296/172/5 297/173/5
f 295/171/5 297/173/5 298/174/5
f 3080/200/3 3079/205/3 3183/204/3
f 3080/200/3 3183/204/3 3184/201/3
f 299/207/4 3081/199/4 3077/202/4
f 299/207/4 3077/202/4 300/208/4
f 301/209/10 302/210/10 303/211/10
f 301/209/10 303/211/10 304/212/10
f 305/213/10 306/214/10 307/215/10
f 305/213/10 307/215/10 308/216/10
f 309/217/11 310/212/11 311/218/11
f 309/217/11 311/218/11 312/219/11
f 313/220/11 314/221/11 315/222/11
f 313/220/11 315/222/11 316/223/11
f 317/224/3 318/225/3 319/226/3
f 317/224/3 319/226/3 320/227/3
f 321/228/1 322/229/1 323/230/1
f 321/228/1 323/230/1 324/231/1
s 1
f 325/232/2 326/233/2 327/234/2
s 0
f 325/232/2 327/234/2 328/235/2
f 329/236/4 330/237/4 331/238/4
f 329/236/4 331/238/4 332/239/4
f 333/240/2 334/241/2 335/242/2
f 333/240/2 335/242/2 336/243/2
f 337/244/1 338/245/1 339/246/1
f 337/244/1 339/246/1 340/247/1
f 341/248/3 342/249/3 318/225/3
f 341/248/3 318/225/3 317/224/3
f 332/239/4 331/238/4 343/250/4
f 332/239/4 343/250/4 344/251/4
f 345/213/10 346/214/10 347/215/10
f 345/213/10 347/215/10 348/216/10
f 349/220/11 350/221/11 351/222/11
f 349/220/11 351/222/11 352/223/11
s 1
f 353/252/12 354/253/12 355/254/13
f 353/252/12 355/254/13 356/255/14
f 357/256/12 353/252/12 356/255/14
f 357/256/12 356/255/14 358/257/15
f 359/258/16 360/259/17 361/260/18
f 359/258/16 361/260/18 362/261/18
f 363/262/19 359/258/16 362/261/18
f 363/262/19 362/261/18 364/263/18
s 0
f 365/264/1 366/265/1 367/266/1
f 365/264/1 367/266/1 368/267/1
f 369/264/1 370/265/1 371/266/1
f 369/264/1 371/266/1 372/267/1
f 373/264/1 374/265/1 375/266/1
f 373/264/1 375/266/1 376/267/1
f 377/264/1 378/265/1 379/266/1
f 377/264/1 379/266/1 380/267/1
f 381/264/1 382/265/1 383/266/1
f 381/264/1 383/266/1 384/267/1
f 385/264/1 386/265/1 387/266/1
f 385/264/1 387/266/1 388/267/1
s 1
f 389/268/1 390/269/1 391/270/1
s 0
f 389/268/1 391/270/1 392/271/1
s 1
f 393/272/1 394/273/1 395/274/1
s 0
f 393/272/1 395/274/1 396/275/1
f 397/276/1 398/277/1 399/278/1
f 397/276/1 399/278/1 400/279/1
s 1
f 401/280/1 402/281/1 403/282/1
s 0
f 401/280/1 403/282/1 404/283/1
f 405/284/1 406/285/1 27/27/1
f 405/284/1 27/27/1 26/26/1
f 8/8/1 407/286/1 408/287/1
f 8/8/1 408/287/1 11/11/1
f 409/288/5 410/289/5 411/290/5
f 409/288/5 411/290/5 412/291/5
f 413/292/4 414/293/4 415/294/4
f 413/292/4 415/294/4 416/295/4
f 417/296/12 418/297/12 419/298/12
f 417/296/12 419/298/12 420/299/12
f 418/297/12 421/300/12 422/301/12
f 418/297/12 422/301/12 419/298/12
f 423/302/3 424/303/3 425/304/3
f 423/302/3 425/304/3 426/305/3
f 427/306/5 409/288/5 412/291/5
f 427/306/5 412/291/5 428/307/5
f 429/308/1 430/309/1 431/310/1
f 429/308/1 431/310/1 432/311/1
f 433/312/1 434/313/1 435/314/1
f 433/312/1 435/314/1 436/315/1
f 437/316/1 438/317/1 439/318/1
f 437/316/1 439/318/1 440/319/1
f 441/320/1 442/321/1 443/322/1
f 441/320/1 443/322/1 444/323/1
f 445/324/1 446/325/1 438/317/1
f 445/324/1 438/317/1 437/316/1
f 447/326/1 438/317/1 446/325/1
f 447/326/1 446/325/1 448/327/1
f 449/328/1 433/312/1 450/17/1
f 449/328/1 450/17/1 451/329/1
f 452/330/1 434/313/1 433/312/1
f 452/330/1 433/312/1 449/328/1
f 453/331/1 434/313/1 452/330/1
f 453/331/1 452/330/1 454/332/1
f 455/333/1 456/334/1 442/321/1
f 455/333/1 442/321/1 457/17/1
f 458/335/1 443/322/1 442/321/1
f 458/335/1 442/321/1 456/334/1
f 459/336/1 460/337/1 461/338/1
f 459/336/1 461/338/1 462/339/1
f 463/340/1 464/341/1 465/342/1
f 463/340/1 465/342/1 466/343/1
s 1
f 467/344/1 468/345/1 469/346/1
s 0
f 467/344/1 469/346/1 470/347/1
f 3/3/1 4/4/1 471/348/1
f 3/3/1 471/348/1 472/349/1
s 1
f 473/350/1 18/18/1 20/20/1
s 0
f 473/350/1 20/20/1 474/351/1
f 475/352/4 476/353/4 477/354/4
f 475/352/4 477/354/4 478/355/4
f 479/356/12 480/357/12 481/358/12
f 479/356/12 481/358/12 482/359/12
f 483/360/5 484/361/5 485/362/5
f 483/360/5 485/362/5 486/363/5
f 487/364/3 488/365/3 489/366/3
f 487/364/3 489/366/3 490/367/3
f 491/368/5 483/360/5 486/363/5
f 491/368/5 486/363/5 492/369/5
f 480/357/12 493/370/12 494/371/12
f 480/357/12 494/371/12 481/358/12
f 495/372/4 496/373/4 497/374/4
f 495/372/4 497/374/4 498/375/4
f 499/376/12 500/377/12 501/378/12
f 499/376/12 501/378/12 502/379/12
f 503/380/5 504/381/5 505/382/5
f 503/380/5 505/382/5 506/383/5
f 507/384/3 508/385/3 509/386/3
f 507/384/3 509/386/3 510/387/3
f 511/388/5 503/380/5 506/383/5
f 511/388/5 506/383/5 512/389/5
f 500/377/12 513/390/12 514/391/12
f 500/377/12 514/391/12 501/378/12
f 515/392/4 516/393/4 517/394/4
f 515/392/4 517/394/4 518/395/4
f 519/396/12 520/397/12 521/398/12
f 519/396/12 521/398/12 522/399/12
f 523/400/5 524/401/5 525/402/5
f 523/400/5 525/402/5 526/403/5
f 520/397/12 527/404/12 528/405/12
f 520/397/12 528/405/12 521/398/12
f 529/406/3 530/407/3 531/408/3
f 529/406/3 531/408/3 532/409/3
f 533/410/5 523/400/5 526/403/5
f 533/410/5 526/403/5 534/411/5
f 535/412/12 536/413/12 537/414/12
f 535/412/12 537/414/12 538/415/12
f 539/416/3 540/417/3 541/418/3
f 539/416/3 541/418/3 542/419/3
f 543/420/5 544/421/5 545/422/5
f 543/420/5 545/422/5 546/423/5
f 544/421/5 547/424/5 548/425/5
f 544/421/5 548/425/5 545/422/5
f 549/426/4 550/427/4 551/428/4
f 549/426/4 551/428/4 552/429/4
f 553/430/12 535/412/12 538/415/12
f 553/430/12 538/415/12 554/431/12
f 555/432/4 556/433/4 557/434/4
f 555/432/4 557/434/4 558/435/4
f 559/436/12 560/437/12 561/438/12
f 559/436/12 561/438/12 562/439/12
f 563/440/5 564/441/5 565/442/5
f 563/440/5 565/442/5 566/443/5
f 560/437/12 567/444/12 568/445/12
f 560/437/12 568/445/12 561/438/12
f 569/446/3 570/447/3 571/448/3
f 569/446/3 571/448/3 572/449/3
f 573/450/5 563/440/5 566/443/5
f 573/450/5 566/443/5 574/451/5
f 460/337/1 575/452/1 576/453/1
f 460/337/1 576/453/1 461/338/1
f 577/454/1 575/452/1 460/337/1
s 1
f 577/454/1 460/337/1 578/455/1
f 579/456/3 580/457/3 581/458/3
f 579/456/3 581/458/3 582/459/3
s 0
f 580/457/3 583/460/3 584/461/3
f 580/457/3 584/461/3 581/458/3
f 585/462/5 586/463/5 587/464/5
f 585/462/5 587/464/5 588/465/5
s 1
f 589/466/4 590/467/4 591/468/4
f 589/466/4 591/468/4 592/469/4
s 0
f 593/470/4 589/466/4 592/469/4
f 593/470/4 592/469/4 594/471/4
f 586/463/5 595/472/5 596/473/5
f 586/463/5 596/473/5 587/464/5
f 597/474/1 598/475/1 599/476/1
f 597/474/1 599/476/1 600/477/1
f 601/478/1 602/479/1 603/480/1
f 601/478/1 603/480/1 604/481/1
f 605/482/4 606/483/4 607/484/4
f 605/482/4 607/484/4 608/485/4
s 1
f 609/486/2 610/487/2 611/488/2
s 0
f 609/486/2 611/488/2 612/489/2
f 613/490/12 614/491/12 615/492/12
f 613/490/12 615/492/12 616/493/12
f 617/494/2 618/495/2 619/496/2
f 617/494/2 619/496/2 620/497/2
f 621/498/5 622/499/5 623/500/5
f 621/498/5 623/500/5 624/501/5
f 625/502/2 3056/500/2 3057/499/2
f 625/502/2 3057/499/2 626/503/2
s 1
f 627/504/2 628/505/2 3056/500/2
f 627/504/2 3056/500/2 625/502/2
s 0
f 624/501/5 623/500/5 3163/505/5
f 624/501/5 3163/505/5 629/506/5
f 630/507/5 622/499/5 621/498/5
f 630/507/5 621/498/5 631/508/5
f 626/503/2 3057/499/2 3088/507/2
f 626/503/2 3088/507/2 632/509/2
f 633/510/2 634/511/2 635/512/2
f 633/510/2 635/512/2 636/513/2
f 637/514/2 638/515/2 639/516/2
f 637/514/2 639/516/2 640/517/2
f 641/518/4 642/519/4 643/520/4
f 641/518/4 643/520/4 644/521/4
f 645/522/3 646/523/3 647/524/3
s 1
f 645/522/3 647/524/3 648/525/3
s 0
f 649/498/5 650/499/5 651/500/5
f 649/498/5 651/500/5 652/501/5
f 653/502/2 3089/500/2 3051/499/2
f 653/502/2 3051/499/2 654/503/2
f 655/504/2 656/505/2 3089/500/2
f 655/504/2 3089/500/2 653/502/2
f 652/501/5 651/500/5 3158/505/5
f 652/501/5 3158/505/5 657/506/5
f 658/507/5 650/499/5 649/498/5
s 1
f 658/507/5 649/498/5 659/508/5
s 0
f 654/503/2 3051/499/2 3050/507/2
f 654/503/2 3050/507/2 660/509/2
f 661/510/2 662/511/2 663/512/2
f 661/510/2 663/512/2 664/513/2
f 665/514/2 666/515/2 667/516/2
f 665/514/2 667/516/2 668/517/2
f 669/518/4 670/519/4 671/520/4
f 669/518/4 671/520/4 672/521/4
f 673/522/3 674/523/3 675/524/3
f 673/522/3 675/524/3 676/525/3
f 677/526/2 678/495/2 679/496/2
f 677/526/2 679/496/2 680/527/2
f 681/498/5 682/499/5 683/500/5
f 681/498/5 683/500/5 684/501/5
f 685/502/2 3058/500/2 3195/499/2
f 685/502/2 3195/499/2 686/503/2
f 687/504/2 688/505/2 3058/500/2
f 687/504/2 3058/500/2 685/502/2
f 684/501/5 683/500/5 3165/505/5
f 684/501/5 3165/505/5 689/506/5
f 690/507/5 682/499/5 681/498/5
f 690/507/5 681/498/5 691/508/5
f 686/503/2 3195/499/2 3167/507/2
f 686/503/2 3167/507/2 692/509/2
f 693/510/2 694/511/2 695/512/2
f 693/510/2 695/512/2 696/513/2
f 697/514/2 698/515/2 699/516/2
f 697/514/2 699/516/2 700/517/2
f 701/518/4 702/519/4 703/520/4
f 701/518/4 703/520/4 704/521/4
f 705/522/3 706/523/3 707/524/3
s 1
f 705/522/3 707/524/3 708/525/3
s 0
f 709/498/5 710/499/5 711/500/5
f 709/498/5 711/500/5 712/501/5
f 713/502/2 3172/500/2 3233/499/2
f 713/502/2 3233/499/2 714/503/2
f 715/504/2 716/505/2 3172/500/2
f 715/504/2 3172/500/2 713/502/2
f 712/501/5 711/500/5 3176/505/5
f 712/501/5 3176/505/5 717/506/5
f 718/507/5 710/499/5 709/498/5
f 718/507/5 709/498/5 719/508/5
f 714/503/2 3233/499/2 3052/507/2
f 714/503/2 3052/507/2 720/509/2
f 721/510/2 722/511/2 723/512/2
f 721/510/2 723/512/2 724/513/2
f 725/514/2 726/515/2 727/516/2
f 725/514/2 727/516/2 728/517/2
f 729/518/4 730/519/4 731/520/4
f 729/518/4 731/520/4 732/521/4
f 733/522/3 734/523/3 735/524/3
f 733/522/3 735/524/3 736/525/3
f 737/264/2 738/265/2 739/266/2
f 737/264/2 739/266/2 740/267/2
f 741/264/2 742/265/2 743/266/2
f 741/264/2 743/266/2 744/267/2
f 745/264/2 746/265/2 747/266/2
f 745/264/2 747/266/2 748/267/2
f 749/264/2 750/265/2 751/266/2
f 749/264/2 751/266/2 752/267/2
f 753/264/2 754/265/2 755/266/2
f 753/264/2 755/266/2 756/267/2
f 757/264/2 758/265/2 759/266/2
f 757/264/2 759/266/2 760/267/2
f 761/268/2 762/269/2 763/270/2
f 761/268/2 763/270/2 764/271/2
f 765/272/2 766/273/2 767/274/2
f 765/272/2 767/274/2 768/275/2
f 769/276/2 770/277/2 771/278/2
f 769/276/2 771/278/2 772/279/2
f 773/280/2 774/281/2 775/282/2
f 773/280/2 775/282/2 776/283/2
f 777/284/2 778/285/2 80/27/2
f 777/284/2 80/27/2 79/26/2
f 61/8/2 779/286/2 780/287/2
f 61/8/2 780/287/2 66/11/2
f 781/288/5 782/289/5 783/290/5
f 781/288/5 783/290/5 784/291/5
f 785/292/3 786/293/3 787/294/3
f 785/292/3 787/294/3 788/295/3
f 789/296/12 790/297/12 791/298/12
f 789/296/12 791/298/12 792/299/12
f 790/297/12 793/300/12 794/301/12
f 790/297/12 794/301/12 791/298/12
f 795/302/4 796/303/4 797/304/4
f 795/302/4 797/304/4 798/305/4
f 799/306/5 781/288/5 784/291/5
f 799/306/5 784/291/5 800/307/5
f 801/308/2 802/309/2 803/310/2
f 801/308/2 803/310/2 804/311/2
f 805/312/2 806/313/2 807/314/2
f 805/312/2 807/314/2 808/315/2
f 809/316/2 810/317/2 811/318/2
f 809/316/2 811/318/2 812/319/2
f 813/320/2 814/321/2 815/322/2
f 813/320/2 815/322/2 816/323/2
f 817/324/2 818/325/2 810/317/2
f 817/324/2 810/317/2 809/316/2
f 819/326/2 810/317/2 818/325/2
f 819/326/2 818/325/2 820/327/2
f 821/328/2 805/312/2 822/17/2
f 821/328/2 822/17/2 823/329/2
f 824/330/2 806/313/2 805/312/2
s 1
f 824/330/2 805/312/2 821/328/2
s 0
f 825/331/2 806/313/2 824/330/2
f 825/331/2 824/330/2 826/332/2
f 827/333/2 828/334/2 814/321/2
f 827/333/2 814/321/2 829/17/2
f 830/335/2 815/322/2 814/321/2
s 1
f 830/335/2 814/321/2 828/334/2
s 0
f 831/528/2 832/529/2 833/530/2
f 831/528/2 833/530/2 834/531/2
f 835/532/2 836/533/2 831/528/2
f 835/532/2 831/528/2 834/531/2
f 837/344/2 838/345/2 839/346/2
f 837/344/2 839/346/2 840/347/2
f 56/3/2 59/4/2 841/348/2
f 56/3/2 841/348/2 842/349/2
f 843/350/2 71/18/2 73/20/2
f 843/350/2 73/20/2 844/351/2
f 845/352/3 846/353/3 847/354/3
f 845/352/3 847/354/3 848/355/3
f 849/356/12 850/357/12 851/358/12
f 849/356/12 851/358/12 852/359/12
f 853/360/5 854/361/5 855/362/5
f 853/360/5 855/362/5 856/363/5
f 857/364/4 858/365/4 859/366/4
f 857/364/4 859/366/4 860/367/4
s 1
f 861/368/5 853/360/5 856/363/5
f 861/368/5 856/363/5 862/369/5
f 850/357/12 863/370/12 864/371/12
f 850/357/12 864/371/12 851/358/12
s 0
f 865/372/3 866/373/3 867/374/3
f 865/372/3 867/374/3 868/375/3
f 869/376/12 870/377/12 871/378/12
f 869/376/12 871/378/12 872/379/12
f 873/380/5 874/381/5 875/382/5
f 873/380/5 875/382/5 876/383/5
f 877/384/4 878/385/4 879/386/4
f 877/384/4 879/386/4 880/387/4
f 881/388/5 873/380/5 876/383/5
f 881/388/5 876/383/5 882/389/5
f 870/377/12 883/390/12 884/391/12
f 870/377/12 884/391/12 871/378/12
f 885/392/3 886/393/3 887/394/3
f 885/392/3 887/394/3 888/395/3
f 889/396/12 890/397/12 891/398/12
f 889/396/12 891/398/12 892/399/12
f 893/400/5 894/401/5 895/402/5
f 893/400/5 895/402/5 896/403/5
f 890/397/12 897/404/12 898/405/12
f 890/397/12 898/405/12 891/398/12
f 899/406/4 900/407/4 901/408/4
f 899/406/4 901/408/4 902/409/4
f 903/410/5 893/400/5 896/403/5
f 903/410/5 896/403/5 904/411/5
f 905/412/12 906/413/12 907/414/12
f 905/412/12 907/414/12 908/415/12
f 909/416/4 910/417/4 911/418/4
f 909/416/4 911/418/4 912/419/4
f 913/420/5 914/421/5 915/422/5
f 913/420/5 915/422/5 916/423/5
s 1
f 914/421/5 917/424/5 918/425/5
f 914/421/5 918/425/5 915/422/5
s 0
f 919/426/3 920/427/3 921/428/3
f 919/426/3 921/428/3 922/429/3
s 1
f 923/430/12 905/412/12 908/415/12
f 923/430/12 908/415/12 924/431/12
s 0
f 925/432/3 926/433/3 927/434/3
f 925/432/3 927/434/3 928/435/3
f 929/436/12 930/437/12 931/438/12
f 929/436/12 931/438/12 932/439/12
f 933/440/5 934/441/5 935/442/5
f 933/440/5 935/442/5 936/443/5
f 930/437/12 937/444/12 938/445/12
f 930/437/12 938/445/12 931/438/12
f 939/446/4 940/447/4 941/448/4
f 939/446/4 941/448/4 942/449/4
f 943/450/5 933/440/5 936/443/5
f 943/450/5 936/443/5 944/451/5
f 832/529/2 945/534/2 946/535/2
f 832/529/2 946/535/2 833/530/2
f 947/536/2 945/534/2 832/529/2
f 947/536/2 832/529/2 948/537/2
f 949/456/4 950/457/4 951/458/4
f 949/456/4 951/458/4 952/459/4
f 950/457/4 953/460/4 954/461/4
f 950/457/4 954/461/4 951/458/4
f 955/462/5 956/463/5 957/464/5
f 955/462/5 957/464/5 958/465/5
f 959/466/3 960/467/3 961/468/3
f 959/466/3 961/468/3 962/469/3
f 963/470/3 959/466/3 962/469/3
f 963/470/3 962/469/3 964/471/3
f 956/463/5 965/472/5 966/473/5
f 956/463/5 966/473/5 957/464/5
f 967/538/2 968/495/2 969/496/2
f 967/538/2 969/496/2 970/539/2
f 971/498/5 972/499/5 973/500/5
f 971/498/5 973/500/5 974/501/5
f 975/502/2 3086/500/2 3193/499/2
f 975/502/2 3193/499/2 976/503/2
f 977/504/2 978/505/2 3086/500/2
f 977/504/2 3086/500/2 975/502/2
f 974/501/5 973/500/5 3234/505/5
f 974/501/5 3234/505/5 979/506/5
f 980/507/5 972/499/5 971/498/5
f 980/507/5 971/498/5 981/508/5
f 976/503/2 3193/499/2 3194/507/2
f 976/503/2 3194/507/2 982/509/2
f 983/510/2 984/511/2 985/512/2
f 983/510/2 985/512/2 986/513/2
f 987/514/2 988/515/2 989/516/2
f 987/514/2 989/516/2 990/517/2
f 991/518/4 992/519/4 993/520/4
f 991/518/4 993/520/4 994/521/4
f 995/522/3 996/523/3 997/524/3
f 995/522/3 997/524/3 998/525/3
f 999/540/2 1000/495/2 1001/496/2
s 1
f 999/540/2 1001/496/2 1002/541/2
s 0
f 1003/498/5 1004/499/5 1005/500/5
f 1003/498/5 1005/500/5 1006/501/5
f 1007/502/2 3121/500/2 3202/499/2
f 1007/502/2 3202/499/2 1008/503/2
f 1009/504/2 1010/505/2 3121/500/2
f 1009/504/2 3121/500/2 1007/502/2
f 1006/501/5 1005/500/5 3181/505/5
f 1006/501/5 3181/505/5 1011/506/5
f 1012/507/5 1004/499/5 1003/498/5
f 1012/507/5 1003/498/5 1013/508/5
f 1008/503/2 3202/499/2 3203/507/2
f 1008/503/2 3203/507/2 1014/509/2
f 1015/510/2 1016/511/2 1017/512/2
f 1015/510/2 1017/512/2 1018/513/2
f 1019/514/2 1020/515/2 1021/516/2
f 1019/514/2 1021/516/2 1022/517/2
f 1023/518/4 1024/519/4 1025/520/4
f 1023/518/4 1025/520/4 1026/521/4
f 1027/522/3 1028/523/3 1029/524/3
s 1
f 1027/522/3 1029/524/3 1030/525/3
s 0
f 1031/478/1 1032/479/1 1033/480/1
f 1031/478/1 1033/480/1 1034/481/1
f 1035/482/4 1036/483/4 1037/484/4
f 1035/482/4 1037/484/4 1038/485/4
s 1
f 1039/486/2 1040/487/2 1041/488/2
s 0
f 1039/486/2 1041/488/2 1042/489/2
f 1043/490/12 1044/491/12 1045/492/12
f 1043/490/12 1045/492/12 1046/493/12
s 1
f 1047/542/1 1048/543/20 1049/544/21
f 1047/542/1 1049/544/21 1050/545/1
f 3210/543/22 3208/542/4 1051/546/4
f 3210/543/22 1051/546/4 1052/547/23
f 1053/548/2 1054/549/24 3212/547/25
f 1053/548/2 3212/547/25 3215/546/2
f 1055/550/26 1056/551/21 1057/552/20
f 3159/550/27 3211/552/22 1058/553/23
s 0
f 3213/554/28 1060/555/28 1061/556/28
s 1
f 1059/554/24 3160/556/29 1062/557/25
f 1063/542/1 1064/543/20 1065/544/21
f 1063/542/1 1065/544/21 1066/545/1
f 3217/543/30 3216/542/4 1067/546/4
f 3217/543/30 1067/546/4 1068/547/31
f 1069/548/2 1070/549/24 3218/547/25
f 1069/548/2 3218/547/25 3104/546/2
f 3139/549/32 3220/548/3 1071/558/3
f 3139/549/32 1071/558/3 1072/559/33
f 1073/551/21 1074/560/34 1075/561/26
f 3138/551/33 3221/561/35 1076/554/32
f 1077/562/36 1078/552/30 1079/557/31
f 3222/562/29 3219/557/25 1080/563/37
s 0
f 1081/478/1 1082/479/1 1083/480/1
f 1081/478/1 1083/480/1 1084/481/1
s 1
f 1085/482/4 1086/483/4 1087/484/4
s 0
f 1085/482/4 1087/484/4 1088/485/4
f 1089/486/2 1090/487/2 1091/488/2
f 1089/486/2 1091/488/2 1092/489/2
f 1093/490/12 1094/491/12 1095/492/12
f 1093/490/12 1095/492/12 1096/493/12
f 1097/478/2 1098/479/2 1099/480/2
f 1097/478/2 1099/480/2 1100/481/2
f 1101/482/3 1102/483/3 1103/484/3
f 1101/482/3 1103/484/3 1104/485/3
f 1105/486/1 1106/487/1 1107/488/1
f 1105/486/1 1107/488/1 1108/489/1
f 1109/490/12 1110/491/12 1111/492/12
f 1109/490/12 1111/492/12 1112/493/12
f 1113/564/2 1114/565/2 1115/566/2
f 1113/564/2 1115/566/2 1116/567/2
f 3198/567/12 3223/566/12 1117/568/12
f 3198/567/12 1117/568/12 1118/569/12
f 1119/570/38 1120/571/38 1121/572/38
f 1119/570/38 1121/572/38 1122/573/38
s 1
f 3224/573/39 3076/572/40 1123/574/41
f 3224/573/39 1123/574/41 1124/575/39
f 1125/576/42 1126/577/43 1127/578/42
f 1125/576/42 1127/578/42 1128/579/44
f 1129/580/41 1130/581/40 1131/582/45
f 1129/580/41 1131/582/45 1132/583/46
s 0
f 1133/584/4 1134/585/4 1135/586/4
f 1133/584/4 1135/586/4 1136/587/4
f 1137/588/3 1138/589/3 1139/590/3
f 1137/588/3 1139/590/3 1140/591/3
f 1141/592/12 1142/593/12 1143/594/12
f 1141/592/12 1143/594/12 1144/595/12
s 1
f 1145/596/47 1146/597/48 1147/598/49
f 1145/596/47 1147/598/49 1148/599/50
f 1149/600/51 1150/601/52 1151/602/53
f 1149/600/51 1151/602/53 1152/603/54
f 1153/604/55 1154/605/55 1150/601/52
f 1153/604/55 1150/601/52 1149/600/51
f 1155/598/56 1156/599/57 1157/596/48
f 1155/598/56 1157/596/48 1158/597/58
f 1159/606/59 1154/605/55 1153/604/55
f 1159/606/59 1153/604/55 1160/607/59
f 1161/608/60 1156/599/57 1155/598/56
f 1161/608/60 1155/598/56 1162/609/60
f 1148/599/50 1147/598/49 1163/610/61
f 1148/599/50 1163/610/61 1164/611/61
f 1152/603/54 1151/602/53 1165/612/62
f 1152/603/54 1165/612/62 1166/613/62
f 1167/614/60 1168/599/63 1169/598/57
f 1167/614/60 1169/598/57 1170/615/60
f 1146/597/48 1169/598/57 1168/599/63
f 1146/597/48 1168/599/63 1171/596/58
f 1172/599/49 1157/596/48 1173/597/47
f 1172/599/49 1173/597/47 1174/598/50
f 1175/616/61 1172/599/49 1174/598/50
f 1175/616/61 1174/598/50 1176/617/61
s 0
f 1177/618/64 1178/619/64 1179/620/64
f 1177/618/64 1179/620/64 1180/621/64
f 1181/622/64 1182/623/64 1183/624/64
f 1181/622/64 1183/624/64 1184/625/64
f 1185/626/65 1186/627/65 1187/628/65
f 1185/626/65 1187/628/65 1188/629/65
f 1189/630/65 1190/631/65 1191/632/65
f 1189/630/65 1191/632/65 1192/633/65
f 1193/634/4 1194/635/4 3185/628/4
s 1
f 1193/634/4 3185/628/4 3191/627/4
f 1195/636/66 3206/634/66 3192/627/66
s 0
f 1195/636/66 3192/627/66 3236/626/66
f 1196/637/67 1197/638/67 3237/631/67
f 1196/637/66 3237/631/66 3241/630/66
f 1198/639/3 3235/637/3 3242/630/3
f 1198/639/3 3242/630/3 3238/633/3
f 1199/640/1 1200/641/1 1201/642/1
f 1199/640/1 1201/642/1 1202/643/1
f 1203/644/1 1204/645/1 1205/646/1
f 1203/644/1 1205/646/1 1206/647/1
f 1207/588/2 1208/589/2 1209/590/2
f 1207/588/2 1209/590/2 1210/591/2
f 1211/648/10 1212/649/10 1213/594/10
f 1211/648/10 1213/594/10 1214/595/10
f 1215/592/11 1216/593/11 3142/649/11
f 1215/592/11 3142/649/11 3092/648/11
f 1217/650/68 1218/651/68 1219/652/68
f 1217/650/68 1219/652/68 1220/653/68
f 1221/654/4 1222/655/4 1223/656/4
s 1
f 1221/654/4 1223/656/4 1224/657/4
s 0
f 1225/658/69 1226/659/69 1227/660/69
f 1225/658/69 1227/660/69 1228/661/69
f 1229/662/3 1230/663/3 1231/664/3
f 1229/662/3 1231/664/3 1232/665/3
f 1233/666/70 1234/667/70 1235/660/70
f 1233/666/70 1235/660/70 1236/668/70
f 1237/474/2 1238/475/2 1239/476/2
s 1
f 1237/474/2 1239/476/2 1240/477/2
s 0
f 1241/650/4 1242/651/4 1243/652/4
f 1241/650/4 1243/652/4 1244/653/4
f 1245/650/3 1246/651/3 1247/652/3
f 1245/650/3 1247/652/3 1248/653/3
f 1249/650/3 1250/651/3 1251/652/3
f 1249/650/3 1251/652/3 1252/653/3
f 1253/669/71 1254/670/71 1255/671/71
f 1253/669/71 1255/671/71 1256/672/71
f 1257/673/71 1258/674/71 1259/675/71
f 1257/673/71 1259/675/71 1260/676/71
f 1261/677/72 1262/678/72 1263/679/72
f 1261/677/72 1263/679/72 1264/680/72
f 1265/681/72 1266/682/72 1267/683/72
f 1265/681/72 1267/683/72 1268/684/72
f 1269/685/73 1270/686/73 1271/687/73
f 1269/685/73 1271/687/73 1272/688/73
f 1273/689/3 1274/690/3 1275/691/3
f 1273/689/3 1275/691/3 1276/692/3
f 1277/689/4 1278/690/4 1279/691/4
f 1277/689/4 1279/691/4 1280/692/4
f 1281/689/3 1282/690/3 1283/691/3
f 1281/689/3 1283/691/3 1284/692/3
f 1285/689/4 1286/690/4 1287/691/4
f 1285/689/4 1287/691/4 1288/692/4
f 1289/677/74 1290/678/74 1291/679/74
f 1289/677/74 1291/679/74 1292/680/74
f 1293/677/74 1294/693/74 1295/679/74
f 1293/677/74 1295/679/74 1296/680/74
f 1297/681/74 1298/682/74 1299/683/74
f 1297/681/74 1299/683/74 1300/684/74
f 1301/685/75 1302/686/75 1303/687/75
f 1301/685/75 1303/687/75 1304/688/75
f 1305/689/4 1306/690/4 1307/691/4
f 1305/689/4 1307/691/4 1308/692/4
f 1309/689/3 1310/690/3 1311/691/3
f 1309/689/3 1311/691/3 1312/692/3
f 1313/689/4 1314/690/4 1315/691/4
f 1313/689/4 1315/691/4 1316/692/4
f 1317/689/3 1318/690/3 1319/691/3
f 1317/689/3 1319/691/3 1320/692/3
f 1321/689/4 1322/690/4 1323/691/4
f 1321/689/4 1323/691/4 1324/692/4
f 1325/689/3 1326/690/3 1327/691/3
f 1325/689/3 1327/691/3 1328/692/3
f 1329/669/76 1330/670/76 1331/671/76
f 1329/669/76 1331/671/76 1332/672/76
f 1333/673/76 1334/694/76 1335/695/76
f 1333/673/76 1335/695/76 1336/676/76
f 1337/673/76 1338/674/76 1339/675/76
f 1337/673/76 1339/675/76 1340/676/76
f 1341/677/5 1342/678/5 1343/679/5
f 1341/677/5 1343/679/5 1344/680/5
f 1345/677/5 1346/693/5 1347/679/5
f 1345/677/5 1347/679/5 1348/680/5
f 1349/677/5 1350/693/5 1351/679/5
f 1349/677/5 1351/679/5 1352/680/5
f 1353/696/5 1354/697/5 1355/698/5
f 1353/696/5 1355/698/5 1356/680/5
f 1357/699/5 1358/682/5 1359/683/5
f 1357/699/5 1359/683/5 1360/684/5
f 1361/681/5 1362/682/5 1363/683/5
f 1361/681/5 1363/683/5 1364/684/5
f 1365/700/5 1366/682/5 1367/683/5
f 1365/700/5 1367/683/5 1368/684/5
f 1369/681/5 1370/701/5 1371/683/5
f 1369/681/5 1371/683/5 1372/684/5
f 1373/685/4 1374/686/4 1375/687/4
f 1373/685/4 1375/687/4 1376/688/4
s 1
f 1377/689/1 1378/690/1 1379/691/1
s 0
f 1377/689/1 1379/691/1 1380/692/1
f 1381/685/3 1382/686/3 1383/687/3
f 1381/685/3 1383/687/3 1384/688/3
f 1385/689/2 1386/690/2 1387/691/2
s 1
f 1385/689/2 1387/691/2 1388/692/2
s 0
f 1389/689/1 1390/690/1 1391/691/1
f 1389/689/1 1391/691/1 1392/692/1
f 1393/689/2 1394/690/2 1395/691/2
f 1393/689/2 1395/691/2 1396/692/2
f 1397/689/1 1398/690/1 1399/691/1
f 1397/689/1 1399/691/1 1400/692/1
f 1401/689/2 1402/690/2 1403/691/2
f 1401/689/2 1403/691/2 1404/692/2
s 1
f 1405/689/77 1406/690/78 1407/691/77
f 1405/689/77 1407/691/77 1408/692/79
s 0
f 1409/689/2 1410/690/2 1411/691/2
f 1409/689/2 1411/691/2 1412/692/2
f 1413/689/1 1414/690/1 1415/691/1
f 1413/689/1 1415/691/1 1416/692/1
f 1417/689/2 1418/690/2 1419/691/2
f 1417/689/2 1419/691/2 1420/692/2
f 1421/689/1 1422/690/1 1423/691/1
f 1421/689/1 1423/691/1 1424/692/1
f 1425/689/2 1426/690/2 1427/691/2
f 1425/689/2 1427/691/2 1428/692/2
s 1
f 1429/689/79 1430/690/1 1431/691/1
f 1429/689/79 1431/691/1 1432/692/77
s 0
f 1433/689/2 1434/690/2 1435/691/2
f 1433/689/2 1435/691/2 1436/692/2
s 1
f 1437/689/1 1438/690/77 1439/691/79
f 1437/689/1 1439/691/79 1440/692/1
s 0
f 1441/689/2 1442/690/2 1443/691/2
f 1441/689/2 1443/691/2 1444/692/2
s 1
f 1445/669/5 1446/702/5 1447/671/5
s 0
f 1445/669/5 1447/671/5 1448/672/5
f 1449/669/5 1450/670/5 1451/671/5
f 1449/669/5 1451/671/5 1452/672/5
f 1453/669/5 1454/670/5 1455/671/5
f 1453/669/5 1455/671/5 1456/672/5
f 1457/703/5 1458/670/5 1459/704/5
f 1457/703/5 1459/704/5 1460/705/5
f 1461/673/5 1462/694/5 1463/695/5
f 1461/673/5 1463/695/5 1464/676/5
f 1465/673/5 1466/674/5 1467/675/5
f 1465/673/5 1467/675/5 1468/676/5
f 1469/706/5 1470/707/5 1471/695/5
f 1469/706/5 1471/695/5 1472/676/5
f 1473/708/5 1474/709/5 1475/710/5
f 1473/708/5 1475/710/5 1476/711/5
s 1
f 1477/712/12 1478/713/80 1479/714/81
f 1477/712/12 1479/714/81 1480/715/12
f 1481/716/12 1482/713/82 1483/714/83
f 1481/716/12 1483/714/83 1484/717/12
f 1485/713/84 1486/718/85 1487/717/12
f 1485/713/84 1487/717/12 1488/716/12
f 1489/719/12 1490/720/81 1491/714/86
f 1489/719/12 1491/714/86 1492/721/12
f 1493/722/81 1494/723/83 1495/724/87
f 1493/722/81 1495/724/87 1496/725/88
f 1497/726/89 1498/723/82 1499/727/90
f 1497/726/89 1499/727/90 1500/725/91
f 1501/728/85 1502/729/92 1503/730/93
f 1501/728/85 1503/730/93 1504/725/90
f 1505/728/86 1506/731/81 1507/727/94
f 1505/728/86 1507/727/94 1508/725/95
s 0
f 1509/732/1 1510/733/1 1511/734/1
f 1509/732/1 1511/734/1 1512/735/1
f 1513/736/3 1514/737/3 1515/738/3
f 1513/736/3 1515/738/3 1516/739/3
f 1517/740/4 1518/741/4 1519/742/4
f 1517/740/4 1519/742/4 1520/743/4
f 1513/736/3 1516/739/3 1521/744/3
f 1513/736/3 1521/744/3 1522/745/3
f 1519/742/4 1518/741/4 1523/746/4
f 1519/742/4 1523/746/4 1524/747/4
f 1525/748/4 1526/749/4 1527/750/4
f 1525/748/4 1527/750/4 1528/751/4
f 1529/752/4 1530/753/4 1531/754/4
f 1529/752/4 1531/754/4 1532/755/4
s 1
f 1533/756/96 1534/757/97 1535/758/98
f 1533/756/96 1535/758/98 1536/759/98
f 1537/758/99 1538/760/100 1539/761/12
f 1537/758/99 1539/761/12 1540/762/12
s 0
f 182/137/3 184/139/3 1541/763/3
f 182/137/3 1541/763/3 1542/764/3
f 1543/765/2 1544/766/2 1545/767/2
f 1543/765/2 1545/767/2 1546/768/2
f 1547/769/2 1548/770/2 1549/771/2
f 1547/769/2 1549/771/2 1550/772/2
f 1551/773/2 1552/774/2 1553/775/2
f 1551/773/2 1553/775/2 3180/776/2
f 1555/777/4 1556/778/4 3039/773/4
f 1555/777/4 3039/773/4 1554/776/4
f 1557/779/4 1558/780/4 1559/781/4
f 1557/779/4 1559/781/4 1560/782/4
f 1561/783/4 1562/784/4 1563/785/4
f 1561/783/4 1563/785/4 1564/786/4
f 1559/781/4 1558/780/4 1565/787/4
f 1559/781/4 1565/787/4 1566/788/4
f 1563/785/4 1562/784/4 1567/789/4
f 1563/785/4 1567/789/4 1568/790/4
f 1550/772/2 1549/771/2 1569/791/2
f 1550/772/2 1569/791/2 1570/792/2
f 3179/76/2 1571/793/2 1572/794/2
f 3179/76/2 1572/794/2 3099/75/2
f 1573/795/3 169/124/3 171/126/3
f 1573/795/3 171/126/3 1574/796/3
f 1575/797/3 175/130/3 174/129/3
f 1575/797/3 174/129/3 1576/798/3
f 1577/799/3 1578/800/3 1579/801/3
f 1577/799/3 1579/801/3 1580/802/3
f 1581/803/3 1582/804/3 1583/805/3
f 1581/803/3 1583/805/3 1584/806/3
f 1585/807/1 1586/808/1 1587/809/1
f 1585/807/1 1587/809/1 1588/810/1
f 1589/811/5 1590/812/5 1591/813/5
f 1589/811/5 1591/813/5 1592/814/5
f 1593/815/5 1589/811/5 1592/814/5
f 1593/815/5 1592/814/5 1594/816/5
f 1595/817/2 1596/818/2 1597/819/2
f 1595/817/2 1597/819/2 1598/820/2
f 1599/821/2 1595/817/2 1598/820/2
f 1599/821/2 1598/820/2 1600/822/2
f 1601/823/12 1602/824/12 1603/825/12
f 1601/823/12 1603/825/12 1604/826/12
f 1605/827/12 1601/823/12 1604/826/12
f 1605/827/12 1604/826/12 1606/828/12
f 1586/808/1 1607/829/1 1608/830/1
f 1586/808/1 1608/830/1 1587/809/1
f 1609/831/3 1610/832/3 1611/833/3
f 1609/831/3 1611/833/3 1612/834/3
f 1613/835/3 1614/836/3 1615/837/3
f 1613/835/3 1615/837/3 1616/838/3
f 1617/839/3 1618/840/3 1619/841/3
f 1617/839/3 1619/841/3 1620/842/3
f 1611/833/3 1621/843/3 1622/844/3
f 1611/833/3 1622/844/3 1612/834/3
f 1615/837/3 1623/845/3 1624/846/3
f 1615/837/3 1624/846/3 1616/838/3
f 1625/847/3 1626/848/3 1627/849/3
f 1625/847/3 1627/849/3 1628/850/3
f 1629/851/3 1630/852/3 1625/847/3
f 1629/851/3 1625/847/3 1628/850/3
f 1631/853/3 1632/854/3 1617/839/3
f 1631/853/3 1617/839/3 1620/842/3
f 3151/114/5 3153/115/5 1633/855/5
f 3151/114/5 1633/855/5 1634/856/5
f 3154/115/2 3133/120/2 1635/857/2
f 3154/115/2 1635/857/2 1636/858/2
f 3134/120/12 3131/119/12 1637/859/12
f 3134/120/12 1637/859/12 1638/860/12
f 3132/119/1 3152/114/1 1639/861/1
f 3132/119/1 1639/861/1 1640/862/1
f 1579/801/3 1578/800/3 1641/863/3
f 1579/801/3 1641/863/3 1642/864/3
f 142/97/3 143/98/3 1643/865/3
f 142/97/3 1643/865/3 125/80/3
f 1583/805/3 1582/804/3 1644/866/3
f 1583/805/3 1644/866/3 1645/867/3
f 1646/868/101 1647/869/101 1648/870/101
f 1646/868/101 1648/870/101 1649/871/101
f 1650/872/102 1651/873/102 1652/870/102
f 1650/872/102 1652/870/102 1653/874/102
f 1654/874/103 1655/872/103 1656/873/103
f 1654/874/103 1656/873/103 1657/870/103
f 1658/874/104 1659/872/104 1660/873/104
s 1
f 1658/874/104 1660/873/104 1661/870/104
s 0
f 1662/868/101 1663/869/101 1664/870/101
s 1
f 1662/868/101 1664/870/101 1665/871/101
s 0
f 1666/872/102 1667/873/102 1668/870/102
f 1666/872/102 1668/870/102 1669/874/102
f 1670/874/103 1671/872/103 1672/873/103
s 1
f 1670/874/103 1672/873/103 1673/870/103
s 0
f 1674/874/104 1675/872/104 1676/873/104
s 1
f 1674/874/104 1676/873/104 1677/870/104
s 0
f 1678/875/4 1679/876/4 1680/877/4
f 1678/875/4 1680/877/4 1681/878/4
f 1682/879/3 1683/880/3 1684/881/3
f 1682/879/3 1684/881/3 1685/882/3
f 1686/883/105 1687/884/105 1688/885/105
f 1686/883/105 1688/885/105 1689/886/105
f 1690/887/4 1691/888/4 1692/889/4
f 1690/887/4 1692/889/4 1693/890/4
f 1694/891/3 1695/892/3 1696/893/3
f 1694/891/3 1696/893/3 1697/894/3
f 1698/895/106 1699/896/106 1700/897/106
f 1698/895/106 1700/897/106 1701/898/106
f 1702/895/106 1703/896/106 1704/897/106
f 1702/895/106 1704/897/106 1705/898/106
f 1706/895/106 1707/896/106 1708/899/106
s 1
f 1706/895/106 1708/899/106 1709/898/106
f 1710/900/106 1711/896/106 1712/897/106
s 0
f 1710/900/106 1712/897/106 1713/901/106
f 1714/902/106 1715/903/106 1716/904/106
f 1714/902/106 1716/904/106 1717/905/106
f 1718/906/106 1719/896/106 1720/904/106
s 1
f 1718/906/106 1720/904/106 1721/898/106
s 0
f 1722/895/106 1723/896/106 1724/897/106
f 1722/895/106 1724/897/106 1725/898/106
f 1726/900/106 1727/907/106 1728/897/106
f 1726/900/106 1728/897/106 1729/898/106
f 1730/875/4 1731/878/4 1732/877/4
f 1730/875/4 1732/877/4 1733/876/4
f 1734/879/3 1735/882/3 1736/881/3
f 1734/879/3 1736/881/3 1737/880/3
f 1738/908/4 1739/909/4 1740/910/4
s 1
f 1738/908/4 1740/910/4 1741/911/4
s 0
f 1742/912/3 1743/913/3 1744/914/3
f 1742/912/3 1744/914/3 1745/915/3
f 1746/883/107 1747/886/107 1748/885/107
f 1746/883/108 1748/885/108 1749/884/108
f 1750/887/4 1751/890/4 1752/889/4
f 1750/887/4 1752/889/4 1753/888/4
f 1754/891/3 1755/894/3 1756/893/3
f 1754/891/3 1756/893/3 1757/892/3
f 1758/895/109 1759/898/109 1760/897/109
f 1758/895/109 1760/897/109 1761/896/109
f 1762/895/109 1763/916/109 1764/917/109
f 1762/895/109 1764/917/109 1765/896/109
f 1766/895/109 1767/898/109 1768/897/109
f 1766/895/109 1768/897/109 1769/896/109
f 1770/918/109 1771/919/109 1772/920/109
f 1770/918/109 1772/920/109 1773/907/109
f 1774/895/109 1775/898/109 1776/899/109
f 1774/895/109 1776/899/109 1777/896/109
s 1
f 1778/900/109 1779/901/109 1780/897/109
f 1778/900/109 1780/897/109 1781/896/109
s 0
f 1782/921/109 1783/922/109 1784/923/109
f 1782/921/109 1784/923/109 1785/903/109
f 1786/902/109 1787/905/109 1788/904/109
f 1786/902/109 1788/904/109 1789/903/109
s 1
f 1790/906/109 1791/898/109 1792/904/109
f 1790/906/109 1792/904/109 1793/896/109
s 0
f 1794/895/109 1795/924/109 1796/925/109
f 1794/895/109 1796/925/109 1797/896/109
f 1798/895/109 1799/898/109 1800/897/109
s 1
f 1798/895/109 1800/897/109 1801/896/109
s 0
f 1802/900/109 1803/898/109 1804/897/109
f 1802/900/109 1804/897/109 1805/907/109
f 1806/151/110 1807/152/110 1808/153/110
f 1806/151/110 1808/153/110 1809/154/110
f 3035/153/111 3166/152/111 1810/157/111
f 3035/153/111 1810/157/111 1811/158/111
f 1812/151/110 1813/152/110 1814/153/110
s 1
f 1812/151/110 1814/153/110 1815/154/110
s 0
f 3201/153/111 3034/152/111 1816/157/111
f 3201/153/112 1816/157/112 1817/158/112
f 1818/926/113 1819/927/113 1820/928/113
f 1818/926/113 1820/928/113 1821/929/113
f 3173/929/114 1822/930/114 1823/931/114
f 3173/929/114 1823/931/114 3032/926/114
f 1824/932/113 1825/933/113 1826/934/113
s 1
f 1824/932/113 1826/934/113 1827/935/113
s 0
f 3196/935/114 1828/936/114 1829/937/114
f 3196/935/114 1829/937/114 3174/932/114
f 3033/938/114 1831/939/114 1832/940/114
f 3033/938/114 1832/940/114 1833/941/114
s 1
f 3030/941/113 1834/942/113 1835/943/113
s 0
f 3030/941/113 1835/943/113 1830/938/113
s 1
f 1836/944/114 1837/945/114 1838/946/114
s 0
f 1836/944/114 1838/946/114 3197/947/114
f 1839/947/113 1840/948/113 1841/949/113
s 1
f 1839/947/113 1841/949/113 3029/944/113
s 0
f 1842/151/110 1843/152/110 1844/153/110
f 1842/151/110 1844/153/110 1845/154/110
s 1
f 3026/153/112 3037/152/112 1846/157/112
s 0
f 3026/153/112 1846/157/112 1847/158/112
f 1848/151/110 1849/152/110 1850/153/110
s 1
f 1848/151/110 1850/153/110 1851/154/110
s 0
f 3022/153/112 3023/152/112 1852/157/112
s 1
f 3022/153/112 1852/157/112 1853/158/112
s 0
f 1854/950/115 1855/951/115 1856/952/115
f 1854/950/116 1856/952/116 1857/953/116
f 1858/928/117 1859/954/117 1860/955/117
f 1858/928/118 1860/955/118 1861/927/118
f 3016/954/119 1862/956/119 1863/957/119
f 3016/954/119 1863/957/119 3012/955/119
f 3063/956/120 1864/930/120 1865/931/120
f 3063/956/121 1865/931/121 3009/957/121
f 1866/958/122 1867/959/122 1868/960/122
f 1866/958/122 1868/960/122 1869/961/122
f 3007/959/123 3204/950/123 3018/953/123
f 3007/959/124 3018/953/124 3005/960/124
f 1870/145/5 188/143/5 187/142/5
f 1870/145/5 187/142/5 186/141/5
f 1871/146/5 185/140/5 187/142/5
f 1871/146/5 187/142/5 189/144/5
f 1872/962/116 1873/963/116 1874/964/116
f 1872/962/116 1874/964/116 1875/965/116
f 1876/934/117 1877/966/117 1878/967/117
f 1876/934/117 1878/967/117 1879/933/117
f 3001/966/125 1880/968/125 1881/969/125
s 1
f 3001/966/119 1881/969/119 3017/967/119
s 0
f 3243/968/121 1882/936/121 1883/937/121
f 3243/968/120 1883/937/120 3064/969/120
s 1
f 1884/970/122 1885/971/122 1886/972/122
f 1884/970/122 1886/972/122 1887/973/122
s 0
f 2998/971/123 3003/962/123 3205/965/123
f 2998/971/124 3205/965/124 3008/972/124
f 3006/974/124 3019/975/124 1890/959/124
f 3006/974/124 1890/959/124 1891/976/124
s 1
f 1892/977/122 1888/974/122 3031/976/122
s 0
f 1892/977/122 3031/976/122 1893/978/122
f 3010/979/120 1895/939/120 1896/940/120
f 3010/979/121 1896/940/121 1897/980/121
f 3013/981/119 1894/979/119 2997/980/119
f 3013/981/119 2997/980/119 1899/982/119
s 1
f 1900/943/118 1898/981/118 2996/982/118
s 0
f 1900/943/118 2996/982/118 1901/942/118
f 1889/975/115 1902/983/115 1903/958/115
s 1
f 1889/975/116 1903/958/116 3171/959/116
f 1904/984/126 1905/985/127 1906/986/128
f 1904/984/126 1906/986/128 1907/987/128
f 1908/988/129 1909/989/130 1910/990/131
f 1908/988/129 1910/990/131 1911/991/131
f 2990/989/132 1912/992/133 1913/993/134
f 2990/989/132 1913/993/134 3112/990/134
f 3177/992/135 1914/994/136 1915/995/137
f 3177/992/135 1915/995/137 2988/993/137
f 1916/996/138 1917/997/139 1918/998/140
f 1916/996/138 1918/998/140 1919/999/140
f 2985/997/141 3170/984/142 2991/987/143
f 2985/997/141 2991/987/143 2983/998/143
f 1920/1000/116 1921/1001/116 1905/985/127
f 1920/1000/116 1905/985/127 1904/984/126
f 1922/1002/144 1923/1003/144 1909/989/130
f 1922/1002/144 1909/989/130 1908/988/129
f 3146/1003/119 1924/1004/119 1912/992/133
f 3146/1003/119 1912/992/133 2990/989/132
f 3145/1004/120 1925/1005/120 1914/994/136
f 3145/1004/120 1914/994/136 3177/992/135
f 1926/1006/122 1927/1007/122 1917/997/139
f 1926/1006/122 1917/997/139 1916/996/138
f 3157/1007/123 3136/1000/123 3170/984/142
f 3157/1007/123 3170/984/142 2985/997/141
f 2984/998/145 2992/987/146 1928/1008/147
f 2984/998/145 1928/1008/147 1929/1009/148
f 2987/999/149 2984/998/145 1929/1009/148
f 2987/999/149 1929/1009/148 1930/1010/150
f 2989/993/151 2986/995/149 1931/1011/150
f 2989/993/151 1931/1011/150 1932/1012/152
f 3113/990/153 2989/993/151 1932/1012/152
f 3113/990/153 1932/1012/152 1933/1013/154
f 2995/991/155 3113/990/153 1933/1013/154
f 2995/991/155 1933/1013/154 1934/1014/156
f 2992/987/146 2994/986/155 1935/1015/156
f 2992/987/146 1935/1015/156 1928/1008/147
s 0
f 1936/1016/123 1937/1017/123 3004/1018/123
f 1936/1016/124 3004/1018/124 2999/1019/124
f 1940/1020/122 2981/1016/122 1939/1019/122
f 1940/1020/122 1939/1019/122 1941/1021/122
f 1942/1022/120 1943/945/120 1944/946/120
f 1942/1022/121 1944/946/121 3244/1023/121
s 1
f 1946/1024/119 2980/1022/119 1945/1023/119
s 0
f 1946/1024/119 1945/1023/119 3002/1025/119
s 1
f 1948/949/118 2979/1024/118 1947/1025/118
s 0
f 1948/949/118 1947/1025/118 1949/948/118
s 1
f 2982/1017/115 1950/1026/115 1951/1027/115
s 0
f 2982/1017/116 1951/1027/116 1938/1018/116
f 1952/151/7 1953/152/7 1954/153/7
f 1952/151/7 1954/153/7 1955/154/7
f 3000/152/2 1956/155/2 1957/156/2
f 3000/152/2 1957/156/2 3228/153/2
s 1
f 2978/155/8 1958/157/8 1959/158/8
s 0
f 2978/155/8 1959/158/8 2976/156/8
f 1960/159/9 1961/160/9 1962/161/9
f 1960/159/9 1962/161/9 1963/162/9
f 2975/161/157 2977/160/157 1964/148/157
f 2975/161/157 1964/148/157 1965/149/157
f 1966/1028/5 1967/1029/5 1968/1030/5
f 1966/1028/5 1968/1030/5 1969/1031/5
f 1970/1032/5 1971/1033/5 1972/1034/5
f 1970/1032/5 1972/1034/5 1973/1035/5
f 1974/1036/12 1975/1037/12 1976/1038/12
f 1974/1036/12 1976/1038/12 1977/1039/12
f 1978/1040/5 1979/1041/5 1980/1042/5
f 1978/1040/5 1980/1042/5 1981/1043/5
f 1982/1044/12 1983/1045/12 1984/1046/12
f 1982/1044/12 1984/1046/12 1985/1047/12
f 1986/1048/5 1987/1049/5 1988/1050/5
f 1986/1048/5 1988/1050/5 1989/1051/5
f 1990/1052/12 1991/1053/12 1992/1054/12
f 1990/1052/12 1992/1054/12 1993/1055/12
f 1994/1056/5 1995/1057/5 1996/1058/5
f 1994/1056/5 1996/1058/5 1997/1059/5
f 1998/1060/12 1999/1061/12 2000/1062/12
f 1998/1060/12 2000/1062/12 2001/1063/12
f 2002/1064/12 2003/1065/12 2004/1066/12
f 2002/1064/12 2004/1066/12 2005/1067/12
s 1
f 2006/958/158 2007/976/159 2008/974/160
f 2006/958/158 2008/974/160 2009/983/161
f 2010/977/162 2008/974/160 2007/976/159
f 2010/977/162 2007/976/159 2011/978/163
f 2012/979/164 2013/939/165 2014/940/166
f 2012/979/164 2014/940/166 2015/980/166
f 2016/981/167 3078/979/168 3164/980/169
f 2016/981/167 3164/980/169 2017/982/169
f 2018/943/170 2973/981/171 3248/982/172
f 2018/943/170 3248/982/172 2019/942/172
f 2973/981/171 2018/943/170 2020/1068/173
f 2973/981/171 2020/1068/173 2021/1069/174
f 3078/979/168 2016/981/167 3106/1069/175
f 3078/979/168 3106/1069/175 2022/1070/176
f 2013/939/165 2012/979/164 3125/1070/177
f 2013/939/165 3125/1070/177 2023/1071/178
f 2008/974/160 2010/977/162 2024/1072/179
f 2008/974/160 2024/1072/179 2025/1073/180
f 2026/1074/181 2009/983/161 2008/974/160
f 2026/1074/181 2008/974/160 2025/1073/180
f 2027/942/182 2028/982/183 2029/1075/184
f 2027/942/182 2029/1075/184 2030/1076/185
f 3147/982/186 2031/980/187 2032/1077/188
f 3147/982/186 2032/1077/188 2968/1075/189
f 2967/980/190 2033/940/191 2034/1078/192
f 2967/980/190 2034/1078/192 3129/1077/193
f 2035/978/194 2036/976/195 2037/1079/196
f 2035/978/194 2037/1079/196 2038/1080/197
f 2037/1079/196 2036/976/195 2039/958/198
f 2037/1079/196 2039/958/198 2040/1081/199
f 2030/1076/185 2029/1075/184 2041/1082/200
f 2030/1076/185 2041/1082/200 2042/1083/201
f 2969/1075/202 3130/1077/203 2043/1084/204
f 2969/1075/202 2043/1084/204 2974/1082/205
f 3129/1077/193 2034/1078/192 2044/1085/206
f 3129/1077/193 2044/1085/206 3175/1084/207
f 2038/1080/197 2037/1079/196 2045/1086/208
f 2038/1080/197 2045/1086/208 2046/1087/209
f 2045/1086/208 2037/1079/196 2040/1081/199
f 2045/1086/208 2040/1081/199 2047/1088/210
f 2021/1069/174 2020/1068/173 2042/1083/201
f 2021/1069/174 2042/1083/201 2041/1082/200
f 3126/1070/211 3107/1069/211 2974/1082/205
f 3126/1070/211 2974/1082/205 2043/1084/204
f 2023/1071/178 3125/1070/177 3175/1084/207
f 2023/1071/178 3175/1084/207 2044/1085/206
f 2971/1073/212 3169/1072/213 2046/1087/209
f 2971/1073/212 2046/1087/209 2045/1086/208
f 2971/1073/212 2045/1086/208 2047/1088/210
f 2971/1073/212 2047/1088/210 2972/1074/214
s 0
f 2048/151/110 2049/152/110 2050/153/110
s 1
f 2048/151/110 2050/153/110 2051/154/110
f 3105/153/111 2966/152/111 2052/157/111
s 0
f 3105/153/111 2052/157/111 2053/158/111
f 2054/151/110 2055/152/110 2056/153/110
f 2054/151/110 2056/153/110 2057/154/110
f 2964/153/112 3239/152/112 2058/157/112
f 2964/153/112 2058/157/112 2059/158/112
s 1
f 2060/1089/113 2061/927/113 2062/928/113
s 0
f 2060/1089/113 2062/928/113 2063/1090/113
f 2960/1090/114 2064/930/114 2065/931/114
f 2960/1090/114 2065/931/114 2962/1089/114
s 1
f 2066/1091/113 2067/933/113 2068/934/113
f 2066/1091/113 2068/934/113 2069/1092/113
s 0
f 2958/1092/114 2070/936/114 2071/937/114
f 2958/1092/114 2071/937/114 2961/1091/114
f 2963/1093/114 2073/939/114 2074/940/114
s 1
f 2963/1093/114 2074/940/114 2075/1094/114
s 0
f 2956/1094/113 2076/942/113 2077/943/113
s 1
f 2956/1094/113 2077/943/113 2072/1093/113
s 0
f 2078/1095/114 2079/945/114 2080/946/114
s 1
f 2078/1095/114 2080/946/114 2959/1096/114
s 0
f 2081/1096/113 2082/948/113 2083/949/113
f 2081/1096/113 2083/949/113 2955/1095/113
f 2084/151/110 2085/152/110 2086/153/110
f 2084/151/110 2086/153/110 2087/154/110
f 2965/153/112 3209/152/112 2088/157/112
f 2965/153/111 2088/157/111 2089/158/111
f 2090/147/215 2091/148/215 2092/149/215
f 2090/147/215 2092/149/215 2093/150/215
f 2094/151/216 2095/152/216 2096/153/216
f 2094/151/216 2096/153/216 2097/154/216
f 3054/152/217 2098/155/217 2099/156/217
f 3054/152/217 2099/156/217 2951/153/217
f 2950/155/218 2100/157/218 2101/158/218
f 2950/155/218 2101/158/218 3168/156/218
f 2102/159/219 2103/160/219 2104/161/219
f 2102/159/219 2104/161/219 2105/162/219
s 1
f 2949/160/220 2954/147/220 2953/150/220
s 0
f 2949/160/220 2953/150/220 2948/161/220
f 2106/950/221 2107/951/221 2108/952/221
f 2106/950/221 2108/952/221 2109/953/221
s 1
f 2110/928/222 2111/954/222 2112/955/222
f 2110/928/222 2112/955/222 2113/927/222
s 0
f 2942/954/223 2114/956/223 2115/957/223
f 2942/954/223 2115/957/223 3226/955/223
f 2940/956/224 2116/930/224 2117/931/224
f 2940/956/224 2117/931/224 2938/957/224
s 1
f 2118/958/225 2119/959/225 2120/960/225
s 0
f 2118/958/225 2120/960/225 2121/961/225
f 3100/959/226 2946/950/226 2944/953/226
f 3100/959/226 2944/953/226 3093/960/226
f 2122/141/5 2123/1097/5 192/142/5
f 2122/141/5 192/142/5 194/140/5
f 2124/144/5 193/146/5 192/142/5
f 2124/144/5 192/142/5 191/143/5
f 2125/962/221 2126/963/221 2127/964/221
f 2125/962/221 2127/964/221 2128/965/221
f 2129/934/222 2130/966/222 2131/967/222
s 1
f 2129/934/222 2131/967/222 2132/933/222
f 3102/966/223 2133/968/223 2134/969/223
s 0
f 3102/966/223 2134/969/223 2943/967/223
f 3187/968/224 2135/936/224 2136/937/224
f 3187/968/224 2136/937/224 2941/969/224
f 2137/970/225 2138/971/225 2139/972/225
f 2137/970/225 2139/972/225 2140/973/225
s 1
f 2935/971/226 3122/962/226 2947/965/226
s 0
f 2935/971/226 2947/965/226 3101/972/226
f 3094/974/226 2945/975/226 2143/959/226
f 3094/974/226 2143/959/226 2144/976/226
f 2145/977/225 2141/974/225 2933/976/225
f 2145/977/225 2933/976/225 2146/978/225
f 2939/979/224 2148/939/224 2149/940/224
f 2939/979/224 2149/940/224 2150/980/224
f 3227/981/223 2147/979/223 2932/980/223
f 3227/981/223 2932/980/223 2152/982/223
f 2153/943/222 2151/981/222 3066/982/222
f 2153/943/222 3066/982/222 2154/942/222
f 2142/975/221 2155/983/221 2156/958/221
f 2142/975/221 2156/958/221 2934/959/221
s 1
f 2157/984/227 2158/985/228 2159/986/229
f 2157/984/227 2159/986/229 2160/987/229
f 2161/988/230 2162/989/231 2163/990/232
f 2161/988/230 2163/990/232 2164/991/233
f 2928/989/234 2165/992/235 2166/993/236
f 2928/989/234 2166/993/236 2926/990/236
f 3053/992/237 2167/994/238 2168/995/239
f 3053/992/237 2168/995/239 3251/993/239
f 2169/996/240 2170/997/241 2171/998/242
f 2169/996/240 2171/998/242 2172/999/242
f 2923/997/243 2931/984/244 2929/987/245
f 2923/997/243 2929/987/245 3097/998/246
f 2173/1000/221 2174/1001/221 2158/985/228
f 2173/1000/221 2158/985/228 2157/984/227
f 2175/1002/222 2176/1003/222 2162/989/231
f 2175/1002/222 2162/989/231 2161/988/230
f 2937/1003/223 2177/1004/223 2165/992/235
f 2937/1003/223 2165/992/235 2928/989/234
f 3232/1004/224 2178/1005/224 2167/994/238
f 3232/1004/224 2167/994/238 3053/992/237
f 2179/1006/225 2180/1007/225 2170/997/241
f 2179/1006/225 2170/997/241 2169/996/240
f 3091/1007/226 3137/1000/226 2931/984/244
f 3091/1007/226 2931/984/244 2923/997/243
f 3098/998/247 2930/987/248 2181/1008/249
f 3098/998/247 2181/1008/249 2182/1009/250
f 2925/999/251 3098/998/247 2182/1009/250
f 2925/999/251 2182/1009/250 2183/1010/252
f 3252/993/253 2924/995/254 2184/1011/252
f 3252/993/253 2184/1011/252 2185/1012/255
f 2927/990/256 3252/993/253 2185/1012/255
f 2927/990/256 2185/1012/255 2186/1013/257
f 3041/991/258 2927/990/256 2186/1013/257
f 3041/991/258 2186/1013/257 2187/1014/259
f 2930/987/248 3040/986/260 2188/1015/259
f 2930/987/248 2188/1015/259 2181/1008/249
s 0
f 2189/1016/226 2190/1017/226 3123/1018/226
f 2189/1016/226 3123/1018/226 2936/1019/226
f 2193/1020/225 2993/1016/225 2192/1019/225
f 2193/1020/225 2192/1019/225 2194/1021/225
f 2195/1022/224 2196/945/224 2197/946/224
f 2195/1022/224 2197/946/224 3188/1023/224
f 2199/1024/223 2922/1022/223 2198/1023/223
f 2199/1024/223 2198/1023/223 3103/1025/223
f 2201/949/222 3118/1024/222 2200/1025/222
f 2201/949/222 2200/1025/222 2202/948/222
f 2952/1017/221 2203/1026/221 2204/1027/221
s 1
f 2952/1017/221 2204/1027/221 2191/1018/221
s 0
f 2205/147/215 2206/148/215 2207/149/215
f 2205/147/215 2207/149/215 2208/150/215
s 1
f 2209/151/216 2210/152/216 2211/153/216
f 2209/151/216 2211/153/216 2212/154/216
s 0
f 3231/152/217 2213/155/217 2214/156/217
f 3231/152/217 2214/156/217 3024/153/217
f 2918/155/218 2215/157/218 2216/158/218
f 2918/155/218 2216/158/218 2917/156/218
f 2217/159/219 2218/160/219 2219/161/219
f 2217/159/219 2219/161/219 2220/162/219
f 3087/160/220 2920/147/220 2919/150/220
s 1
f 3087/160/220 2919/150/220 2916/161/220
s 0
f 2221/1030/5 2222/1098/5 2223/1099/5
f 2221/1030/5 2223/1099/5 2224/1029/5
f 2225/1100/12 2226/1067/12 2227/1064/12
f 2225/1100/12 2227/1064/12 2228/1101/12
f 2229/1032/5 2230/1033/5 2231/1034/5
f 2229/1032/5 2231/1034/5 2232/1035/5
f 2233/1036/12 2234/1037/12 2235/1038/12
f 2233/1036/12 2235/1038/12 2236/1039/12
f 2237/1040/5 2238/1041/5 2239/1042/5
f 2237/1040/5 2239/1042/5 2240/1043/5
f 2241/1044/12 2242/1045/12 2243/1046/12
f 2241/1044/12 2243/1046/12 2244/1047/12
f 2245/1048/5 2246/1049/5 2247/1050/5
f 2245/1048/5 2247/1050/5 2248/1051/5
f 2249/1052/12 2250/1053/12 2251/1054/12
f 2249/1052/12 2251/1054/12 2252/1055/12
f 2253/1056/5 2254/1057/5 2255/1058/5
f 2253/1056/5 2255/1058/5 2256/1059/5
f 2257/1060/12 2258/1061/12 2259/1062/12
f 2257/1060/12 2259/1062/12 2260/1063/12
f 2261/1102/5 2262/1031/5 2263/1028/5
f 2261/1102/5 2263/1028/5 2264/1103/5
f 2265/1066/12 2266/1104/12 2267/1105/12
f 2265/1066/12 2267/1105/12 2268/1065/12
s 1
f 2269/959/261 2270/978/261 2271/977/262
f 2269/959/261 2271/977/262 2272/975/263
f 2273/979/264 2274/939/265 2275/940/266
f 2273/979/264 2275/940/266 2276/980/266
f 2277/981/267 2912/979/268 2911/980/269
f 2277/981/267 2911/980/269 2278/982/269
f 2279/943/270 2910/981/271 2909/982/272
f 2279/943/270 2909/982/272 2280/942/272
f 2913/975/273 2281/983/274 2282/958/275
f 2913/975/273 2282/958/275 2914/959/275
f 2910/981/271 2279/943/270 2283/1068/276
f 2910/981/271 2283/1068/276 2284/1069/277
f 2912/979/268 2277/981/267 3108/1069/278
f 2912/979/268 3108/1069/278 2285/1070/279
f 2274/939/265 2273/979/264 3014/1070/280
f 2274/939/265 3014/1070/280 2286/1071/281
f 2272/975/263 2271/977/262 2287/1072/282
f 2272/975/263 2287/1072/282 2288/1106/283
f 2289/1074/284 2281/983/274 2913/975/273
f 2289/1074/284 2913/975/273 2905/1106/285
f 2290/942/286 2291/982/287 2292/1075/288
f 2290/942/286 2292/1075/288 2293/1076/289
f 2904/982/290 2294/980/291 2295/1077/292
f 2904/982/290 2295/1077/292 3020/1075/293
f 3110/980/294 2296/940/295 2297/1078/296
f 3110/980/294 2297/1078/296 2902/1077/297
f 2298/1080/298 2299/978/299 2300/959/300
f 2298/1080/298 2300/959/300 2301/1107/301
f 3011/959/302 2302/958/303 2303/1081/304
f 3011/959/302 2303/1081/304 3247/1107/305
f 2293/1076/289 2292/1075/288 2304/1082/306
f 2293/1076/289 2304/1082/306 2305/1083/307
f 3021/1075/308 2903/1077/309 2306/1084/310
f 3021/1075/308 2306/1084/310 2901/1082/311
f 2902/1077/297 2297/1078/296 2307/1085/312
f 2902/1077/297 2307/1085/312 3240/1084/313
f 2308/1087/314 2298/1080/298 2301/1107/301
f 2308/1087/314 2301/1107/301 2309/1108/315
f 3247/1107/305 2303/1081/304 2310/1088/316
f 3247/1107/305 2310/1088/316 2309/1108/315
f 2284/1069/277 2283/1068/276 2305/1083/307
f 2284/1069/277 2305/1083/307 2304/1082/306
f 3015/1070/317 3109/1069/317 2901/1082/311
f 3015/1070/317 2901/1082/311 2306/1084/310
f 2286/1071/281 3014/1070/280 3240/1084/313
f 2286/1071/281 3240/1084/313 2307/1085/312
f 2907/1072/318 2308/1087/314 2309/1108/315
f 2907/1072/318 2309/1108/315 2906/1106/319
f 2310/1088/316 2908/1074/320 2906/1106/319
f 2310/1088/316 2906/1106/319 2309/1108/315
s 0
f 2311/1109/2 2312/1110/2 2313/1111/2
f 2311/1109/2 2313/1111/2 2314/1112/2
f 2315/1113/1 2316/1114/1 2317/1115/1
f 2315/1113/1 2317/1115/1 2318/1116/1
f 2319/1117/5 2320/1118/5 2321/1119/5
f 2319/1117/5 2321/1119/5 2322/1120/5
f 2323/1121/5 2319/1117/5 2322/1120/5
f 2323/1121/5 2322/1120/5 2324/1122/5
f 2325/1123/2 2326/1124/2 2327/1125/2
f 2325/1123/2 2327/1125/2 2328/1126/2
f 2329/1127/2 2325/1123/2 2328/1126/2
f 2329/1127/2 2328/1126/2 2330/1128/2
f 2331/1129/12 2332/1130/12 2333/1131/12
f 2331/1129/12 2333/1131/12 2334/1132/12
f 2335/1133/12 2331/1129/12 2334/1132/12
f 2335/1133/12 2334/1132/12 2336/1134/12
f 2316/1114/1 2337/1135/1 2338/1136/1
f 2316/1114/1 2338/1136/1 2317/1115/1
f 2339/1137/3 2340/1138/3 2341/1139/3
f 2339/1137/3 2341/1139/3 2342/1140/3
f 2343/1141/3 2344/1142/3 2345/1143/3
f 2343/1141/3 2345/1143/3 2346/1144/3
f 2347/1145/3 2348/1146/3 2349/1147/3
f 2347/1145/3 2349/1147/3 2350/1148/3
f 2341/1139/3 2351/1149/3 2352/1150/3
f 2341/1139/3 2352/1150/3 2342/1140/3
f 2345/1143/3 2353/1151/3 2354/1152/3
f 2345/1143/3 2354/1152/3 2346/1144/3
f 2355/1153/3 2356/1154/3 2357/1155/3
f 2355/1153/3 2357/1155/3 2358/1156/3
f 2359/1157/3 2360/1158/3 2355/1153/3
f 2359/1157/3 2355/1153/3 2358/1156/3
f 2361/1159/3 2362/1160/3 2347/1145/3
f 2361/1159/3 2347/1145/3 2350/1148/3
f 2363/868/321 2364/869/321 2365/870/321
f 2363/868/321 2365/870/321 2366/871/321
f 2367/872/322 2368/873/322 2369/870/322
s 1
f 2367/872/322 2369/870/322 2370/874/322
s 0
f 2371/874/323 2372/872/323 2373/873/323
f 2371/874/323 2373/873/323 2374/870/323
f 2375/874/324 2376/872/324 2377/873/324
f 2375/874/324 2377/873/324 2378/870/324
f 2379/868/325 2380/869/325 2381/870/325
f 2379/868/325 2381/870/325 2382/871/325
f 2383/872/326 2384/873/326 2385/870/326
f 2383/872/326 2385/870/326 2386/874/326
f 2387/874/327 2388/872/327 2389/873/327
f 2387/874/327 2389/873/327 2390/870/327
f 2391/874/328 2392/872/328 2393/873/328
f 2391/874/328 2393/873/328 2394/870/328
f 2395/868/325 2396/869/325 2397/870/325
f 2395/868/325 2397/870/325 2398/871/325
f 2399/872/326 2400/873/326 2401/870/326
f 2399/872/326 2401/870/326 2402/874/326
f 2403/874/327 2404/872/327 2405/873/327
f 2403/874/327 2405/873/327 2406/870/327
f 2407/874/328 2408/872/328 2409/873/328
f 2407/874/328 2409/873/328 2410/870/328
f 2411/868/325 2412/869/325 2413/870/325
f 2411/868/325 2413/870/325 2414/871/325
f 2415/872/326 2416/873/326 2417/870/326
f 2415/872/326 2417/870/326 2418/874/326
f 2419/874/327 2420/872/327 2421/873/327
f 2419/874/327 2421/873/327 2422/870/327
f 2423/874/328 2424/872/328 2425/873/328
f 2423/874/328 2425/873/328 2426/870/328
f 2427/868/325 2428/869/325 2429/870/325
s 1
f 2427/868/325 2429/870/325 2430/871/325
s 0
f 2431/872/326 2432/873/326 2433/870/326
f 2431/872/326 2433/870/326 2434/874/326
f 2435/874/327 2436/872/327 2437/873/327
f 2435/874/327 2437/873/327 2438/870/327
f 2439/874/328 2440/872/328 2441/873/328
f 2439/874/328 2441/873/328 2442/870/328
f 2443/868/329 2444/869/329 2445/870/329
f 2443/868/329 2445/870/329 2446/871/329
f 2447/872/5 2448/873/5 2449/870/5
f 2447/872/5 2449/870/5 2450/874/5
f 2451/874/3 2452/872/3 2453/873/3
f 2451/874/3 2453/873/3 2454/870/3
f 2455/874/4 2456/872/4 2457/873/4
f 2455/874/4 2457/873/4 2458/870/4
f 2459/868/330 2460/869/330 2461/870/330
f 2459/868/330 2461/870/330 2462/871/330
f 2463/872/5 2464/873/5 2465/870/5
f 2463/872/5 2465/870/5 2466/874/5
f 2467/874/3 2468/872/3 2469/873/3
f 2467/874/3 2469/873/3 2470/870/3
f 2471/874/4 2472/872/4 2473/873/4
f 2471/874/4 2473/873/4 2474/870/4
f 2475/868/330 2476/869/330 2477/870/330
f 2475/868/330 2477/870/330 2478/871/330
f 2479/872/5 2480/873/5 2481/870/5
f 2479/872/5 2481/870/5 2482/874/5
f 2483/874/3 2484/872/3 2485/873/3
f 2483/874/3 2485/873/3 2486/870/3
f 2487/874/4 2488/872/4 2489/873/4
f 2487/874/4 2489/873/4 2490/870/4
f 2491/868/330 2492/869/330 2493/870/330
f 2491/868/330 2493/870/330 2494/871/330
f 2495/872/5 2496/873/5 2497/870/5
f 2495/872/5 2497/870/5 2498/874/5
f 2499/874/3 2500/872/3 2501/873/3
f 2499/874/3 2501/873/3 2502/870/3
f 2503/874/4 2504/872/4 2505/873/4
f 2503/874/4 2505/873/4 2506/870/4
f 2507/868/330 2508/869/330 2509/870/330
f 2507/868/330 2509/870/330 2510/871/330
f 2511/872/5 2512/873/5 2513/870/5
f 2511/872/5 2513/870/5 2514/874/5
f 2515/874/3 2516/872/3 2517/873/3
f 2515/874/3 2517/873/3 2518/870/3
f 2519/874/4 2520/872/4 2521/873/4
f 2519/874/4 2521/873/4 2522/870/4
f 2523/868/330 2524/869/330 2525/870/330
s 1
f 2523/868/330 2525/870/330 2526/871/330
s 0
f 2527/872/5 2528/873/5 2529/870/5
f 2527/872/5 2529/870/5 2530/874/5
f 2531/874/3 2532/872/3 2533/873/3
f 2531/874/3 2533/873/3 2534/870/3
f 2535/874/4 2536/872/4 2537/873/4
f 2535/874/4 2537/873/4 2538/870/4
f 2539/868/330 2540/869/330 2541/870/330
f 2539/868/330 2541/870/330 2542/871/330
f 2543/872/5 2544/873/5 2545/870/5
f 2543/872/5 2545/870/5 2546/874/5
f 2547/874/3 2548/872/3 2549/873/3
f 2547/874/3 2549/873/3 2550/870/3
f 2551/874/4 2552/872/4 2553/873/4
f 2551/874/4 2553/873/4 2554/870/4
f 2555/868/330 2556/869/330 2557/870/330
f 2555/868/330 2557/870/330 2558/871/330
s 1
f 2559/872/5 2560/873/5 2561/870/5
f 2559/872/5 2561/870/5 2562/874/5
s 0
f 2563/874/3 2564/872/3 2565/873/3
f 2563/874/3 2565/873/3 2566/870/3
f 2567/874/4 2568/872/4 2569/873/4
f 2567/874/4 2569/873/4 2570/870/4
f 2571/868/330 2572/869/330 2573/870/330
s 1
f 2571/868/330 2573/870/330 2574/871/330
s 0
f 2575/872/5 2576/873/5 2577/870/5
f 2575/872/5 2577/870/5 2578/874/5
f 2579/874/3 2580/872/3 2581/873/3
f 2579/874/3 2581/873/3 2582/870/3
f 2583/874/4 2584/872/4 2585/873/4
f 2583/874/4 2585/873/4 2586/870/4
f 2587/868/330 2588/869/330 2589/870/330
f 2587/868/330 2589/870/330 2590/871/330
f 2591/872/5 2592/873/5 2593/870/5
f 2591/872/5 2593/870/5 2594/874/5
f 2595/874/3 2596/872/3 2597/873/3
f 2595/874/3 2597/873/3 2598/870/3
f 2599/874/4 2600/872/4 2601/873/4
f 2599/874/4 2601/873/4 2602/870/4
f 2603/868/330 2604/869/330 2605/870/330
f 2603/868/330 2605/870/330 2606/871/330
f 2607/872/5 2608/873/5 2609/870/5
f 2607/872/5 2609/870/5 2610/874/5
f 2611/874/3 2612/872/3 2613/873/3
f 2611/874/3 2613/873/3 2614/870/3
f 2615/874/4 2616/872/4 2617/873/4
f 2615/874/4 2617/873/4 2618/870/4
f 2619/868/330 2620/869/330 2621/870/330
f 2619/868/330 2621/870/330 2622/871/330
f 2623/872/5 2624/873/5 2625/870/5
f 2623/872/5 2625/870/5 2626/874/5
f 2627/874/3 2628/872/3 2629/873/3
f 2627/874/3 2629/873/3 2630/870/3
f 2631/874/4 2632/872/4 2633/873/4
f 2631/874/4 2633/873/4 2634/870/4
f 2635/868/330 2636/869/330 2637/870/330
f 2635/868/330 2637/870/330 2638/871/330
f 2639/872/5 2640/873/5 2641/870/5
f 2639/872/5 2641/870/5 2642/874/5
f 2643/874/3 2644/872/3 2645/873/3
f 2643/874/3 2645/873/3 2646/870/3
f 2647/874/4 2648/872/4 2649/873/4
f 2647/874/4 2649/873/4 2650/870/4
f 2651/868/330 2652/869/330 2653/870/330
f 2651/868/330 2653/870/330 2654/871/330
f 2655/872/5 2656/873/5 2657/870/5
f 2655/872/5 2657/870/5 2658/874/5
f 2659/874/3 2660/872/3 2661/873/3
f 2659/874/3 2661/873/3 2662/870/3
f 2663/874/4 2664/872/4 2665/873/4
f 2663/874/4 2665/873/4 2666/870/4
f 2667/147/6 2668/148/6 2669/149/6
f 2667/147/6 2669/149/6 2670/150/6
s 1
f 2671/151/7 2672/152/7 2673/153/7
s 0
f 2671/151/7 2673/153/7 2674/154/7
f 3249/152/2 2675/155/2 2676/156/2
f 3249/152/2 2676/156/2 2899/153/2
f 2898/155/8 2677/157/8 2678/158/8
s 1
f 2898/155/8 2678/158/8 2896/156/8
s 0
f 2679/159/9 2680/160/9 2681/161/9
f 2679/159/9 2681/161/9 2682/162/9
f 2897/160/1 2915/147/1 3027/150/1
s 1
f 2897/160/1 3027/150/1 2895/161/1
s 0
f 2683/757/3 2684/758/3 3044/758/3
f 2683/757/3 3044/758/3 3048/757/3
f 2892/758/1 2685/759/1 3042/759/1
f 2892/758/1 3042/759/1 3045/758/1
f 2890/759/4 2686/756/4 3073/756/4
f 2890/759/4 3073/756/4 3043/759/4
f 2687/760/4 2688/761/4 3071/761/4
f 2687/760/4 3071/761/4 3074/760/4
f 3245/761/2 2689/762/2 3046/762/2
f 3245/761/2 3046/762/2 3072/761/2
f 3124/762/3 2690/758/3 3049/758/3
f 3124/762/3 3049/758/3 3047/762/3
f 2691/147/6 2692/148/6 2693/149/6
f 2691/147/6 2693/149/6 2694/150/6
f 2695/151/7 2696/152/7 2697/153/7
f 2695/151/7 2697/153/7 2698/154/7
f 2894/152/2 2699/155/2 2700/156/2
f 2894/152/2 2700/156/2 2887/153/2
f 3190/155/8 2701/157/8 2702/158/8
f 3190/155/8 2702/158/8 3230/156/8
f 2703/159/9 2704/160/9 2705/161/9
f 2703/159/9 2705/161/9 2706/162/9
f 3189/160/1 2889/147/1 2888/150/1
f 3189/160/1 2888/150/1 3229/161/1
f 2707/147/6 2708/148/6 2709/149/6
f 2707/147/6 2709/149/6 2710/150/6
s 1
f 2711/151/7 2712/152/7 2713/153/7
s 0
f 2711/151/7 2713/153/7 2714/154/7
f 2885/152/2 2715/155/2 2716/156/2
f 2885/152/2 2716/156/2 2884/153/2
f 2883/155/8 2717/157/8 2718/158/8
f 2883/155/8 2718/158/8 3128/156/8
f 2719/159/9 2720/160/9 2721/161/9
f 2719/159/9 2721/161/9 2722/162/9
f 2882/160/1 3246/147/1 2886/150/1
s 1
f 2882/160/1 2886/150/1 3127/161/1
s 0
f 2723/147/215 2724/148/215 2725/149/215
f 2723/147/215 2725/149/215 2726/150/215
f 2727/151/216 2728/152/216 2729/153/216
f 2727/151/216 2729/153/216 2730/154/216
f 3186/152/217 2731/155/217 2732/156/217
s 1
f 3186/152/217 2732/156/217 2880/153/217
s 0
f 2879/155/218 2733/157/218 2734/158/218
f 2879/155/218 2734/158/218 2878/156/218
f 2735/159/219 2736/160/219 2737/161/219
f 2735/159/219 2737/161/219 2738/162/219
f 2877/160/220 3090/147/220 2881/150/220
f 2877/160/220 2881/150/220 2876/161/220
f 2739/147/215 2740/148/215 2741/149/215
s 1
f 2739/147/215 2741/149/215 2742/150/215
s 0
f 2743/151/216 2744/152/216 2745/153/216
f 2743/151/216 2745/153/216 2746/154/216
f 3182/152/217 2747/155/217 2748/156/217
f 3182/152/217 2748/156/217 2874/153/217
f 3028/155/218 2749/157/218 2750/158/218
f 3028/155/218 2750/158/218 2957/156/218
f 2751/159/219 2752/160/219 2753/161/219
f 2751/159/219 2753/161/219 2754/162/219
f 2900/160/220 2875/147/220 2921/150/220
f 2900/160/220 2921/150/220 3062/161/220
f 2755/147/215 2756/148/215 2757/149/215
f 2755/147/215 2757/149/215 2758/150/215
f 2759/151/216 2760/152/216 2761/153/216
f 2759/151/216 2761/153/216 2762/154/216
f 2871/152/217 2763/155/217 2764/156/217
f 2871/152/217 2764/156/217 3059/153/217
f 3207/155/218 2765/157/218 2766/158/218
f 3207/155/218 2766/158/218 2870/156/218
f 2767/159/219 2768/160/219 2769/161/219
f 2767/159/219 2769/161/219 2770/162/219
f 2869/160/220 2873/147/220 2872/150/220
f 2869/160/220 2872/150/220 3075/161/220
f 2771/147/215 2772/148/215 2773/149/215
f 2771/147/215 2773/149/215 2774/150/215
f 2775/151/216 2776/152/216 2777/153/216
f 2775/151/216 2777/153/216 2778/154/216
f 3038/152/217 2779/155/217 2780/156/217
f 3038/152/217 2780/156/217 2868/153/217
f 2867/155/218 2781/157/218 2782/158/218
f 2867/155/218 2782/158/218 3036/156/218
f 2783/159/219 2784/160/219 2785/161/219
f 2783/159/219 2785/161/219 2786/162/219
f 3068/160/220 3065/147/220 2893/150/220
f 3068/160/220 2893/150/220 2891/161/220
s 1
f 2787/950/331 2788/951/332 2789/952/333
f 2787/950/331 2789/952/333 2790/953/334
f 2791/928/335 2792/954/336 2793/955/337
f 2791/928/335 2793/955/337 2794/927/338
f 3060/954/339 2795/956/340 2796/957/341
f 3060/954/339 2796/957/341 2864/955/342
f 2862/956/343 2797/930/344 2798/931/345
f 2862/956/343 2798/931/345 2860/957/346
f 2799/958/347 2800/959/348 2801/960/349
f 2799/958/347 2801/960/349 2802/961/350
f 2970/959/351 2866/950/352 3199/953/353
f 2970/959/351 3199/953/353 2858/960/354
f 2859/974/354 3200/975/353 2805/959/355
f 2859/974/354 2805/959/355 2806/976/356
f 2807/977/350 2803/974/349 3214/976/357
f 2807/977/350 3214/976/357 2808/978/358
f 2861/979/346 2810/939/345 2811/940/359
f 2861/979/346 2811/940/359 2812/980/360
f 2865/981/342 2809/979/361 3253/980/362
f 2865/981/342 3253/980/362 2814/982/363
f 2815/943/338 2813/981/337 3025/982/364
f 2815/943/338 3025/982/364 2816/942/365
f 2804/975/334 2817/983/333 2818/958/366
f 2804/975/334 2818/958/366 2857/959/367
f 2819/1161/368 2820/1162/331 2821/1163/369
f 2819/1161/368 2821/1163/369 2822/1164/369
s 0
f 2823/1165/370 3141/1161/370 2856/1164/370
f 2823/1165/370 2856/1164/370 2824/1166/370
s 1
f 2863/1167/371 3061/1165/371 2855/1166/371
s 0
f 2863/1167/371 2855/1166/371 2826/1168/371
s 1
f 2827/1169/344 2825/1167/372 2854/1168/373
f 2827/1169/344 2854/1168/373 2828/1170/373
s 0
f 2829/1171/374 2830/1172/374 2831/1173/374
f 2829/1171/374 2831/1173/374 2832/1174/374
f 2833/974/375 2834/975/375 2835/959/375
f 2833/974/226 2835/959/226 2836/976/226
f 2837/977/225 3067/974/225 2851/976/225
f 2837/977/225 2851/976/225 2838/978/225
f 2839/979/224 2840/939/224 2841/940/224
f 2839/979/224 2841/940/224 2842/980/224
f 2843/981/376 2850/979/376 3225/980/376
f 2843/981/223 3225/980/223 2844/982/223
f 2845/943/222 2849/981/222 3178/982/222
f 2845/943/377 3178/982/377 2846/942/377
f 2853/975/221 2847/983/221 2848/958/221
f 2853/975/221 2848/958/221 2852/959/221
o TheHouse_phong1_0
v 5.499182 5.536261 0.045751
v 5.499182 5.663652 0.045751
v 2.471542 5.663652 0.045751
v 2.471542 5.536261 0.045751
v 8.854297 5.536261 0.045751
v 8.854297 5.663652 0.045751
v 5.400779 5.663652 0.045751
v 5.400779 5.536261 0.045751
v 2.476992 5.536261 0.045751
v 2.476992 5.663652 0.045751
v -0.550648 5.663652 0.045751
v -0.550648 5.536261 0.045751
v -0.499679 5.536261 0.045751
v -0.499679 5.663652 0.045751
v -3.527319 5.663652 0.045751
v -3.527319 5.536261 0.045751
v -3.521869 5.536261 0.045751
v -3.521869 5.663652 0.045751
v -6.549509 5.663652 0.045751
v -6.549509 5.536261 0.045751
v 1.030653 0.208157 0.032270
v 1.874953 -0.133007 0.032270
v 2.524534 0.981013 0.032270
v 1.680234 1.322177 0.032270
v 0.864800 -0.000000 0.046272
v 1.938406 -0.000000 0.046272
v 1.938406 1.416579 0.046272
v 0.864800 1.416579 0.046272
v -2.142032 0.846375 0.032662
v -1.129354 1.016062 0.028528
v -1.583392 2.894247 0.269119
v -2.596070 2.724559 0.273253
v -2.046299 0.651953 0.028528
v -1.434446 0.105170 0.028528
v -0.380492 0.922468 0.028528
v -0.992345 1.469251 0.028528
v -1.715435 -0.002442 0.028528
v -1.805583 0.741044 0.028528
v -3.238692 0.620626 0.028528
v -3.148544 -0.122859 0.028528
v -7.082777 1.504779 0.028528
v -6.148913 1.351851 0.028528
v -5.736457 3.097273 0.028528
v -6.670321 3.250200 0.028528
v -1.109064 2.144543 0.042130
v -0.529472 1.574844 0.008575
v 1.006852 2.647138 0.183322
v 0.427260 3.216837 0.216877
v -7.073246 0.080429 0.028528
v -6.124182 0.140029 0.028528
v -6.284925 1.913861 0.028528
v -7.233990 1.854261 0.028528
v 4.911495 0.376944 0.028528
v 5.509126 -0.225447 0.028528
v 6.656087 0.563103 0.028528
v 6.058457 1.165494 0.028528
v -1.566147 0.656181 0.028528
v -1.293274 -0.055720 0.028528
v 0.078954 0.308778 0.028528
v -0.193920 1.020678 0.028528
v 4.658158 -0.000000 0.028528
v 5.596669 -0.000000 0.028528
v 5.596669 1.238326 0.028528
v 4.658158 1.238326 0.028528
v -2.126900 1.305698 0.028528
v -1.455085 1.592847 0.028528
v -2.229545 2.848491 0.028528
v -2.901360 2.561341 0.028528
v -6.101027 1.141910 0.059579
v -5.600650 0.522230 0.029756
v -3.938039 1.441350 0.263109
v -4.438416 2.061031 0.292932
v -6.429237 0.923711 0.065536
v -6.096325 0.230315 0.037280
v -4.759653 0.672423 0.101660
v -5.092566 1.365820 0.129916
v -5.518355 1.461288 0.072155
v -5.484679 0.603562 0.033238
v -3.829792 0.647721 0.052358
v -3.863468 1.505446 0.091276
v 5.111147 1.005023 0.028528
v 5.216216 -0.049422 0.028528
v 7.223894 0.089211 0.028528
v 7.118825 1.143656 0.028528
v -6.823931 0.359816 0.028528
v -5.990031 0.083221 0.028528
v -5.244036 1.641808 0.028528
v -6.077937 1.918404 0.028528
v -1.981481 1.574445 0.028528
v -1.174258 1.247574 0.028528
v -0.544198 2.325842 0.028528
v -1.351421 2.652712 0.028528
v -1.996974 0.590112 0.028528
v -1.292839 1.053591 0.028528
v -2.186222 1.994157 0.028528
v -2.890357 1.530676 0.028528
v -1.416911 1.657411 0.028528
v -1.165676 0.824193 0.028528
v 0.440398 1.159786 0.028528
v 0.189163 1.993004 0.028528
v -2.268372 -0.000000 0.028528
v -1.173262 -0.000000 0.028528
v -1.173262 2.046797 0.028528
v -2.268372 2.046797 0.028528
v 4.856296 0.895389 0.028528
v 5.780745 1.036006 0.028528
v 5.418632 2.685742 0.028528
v 4.494184 2.545125 0.028528
v 9.188156 -0.135094 -3.422130
v 9.200070 0.539667 -3.374748
v 9.239542 0.431552 -1.841980
v 9.227630 -0.243208 -1.889363
v 4.442791 2.628884 0.009195
v 4.469374 0.287126 0.009195
v 4.740804 0.290068 0.009195
v 4.714221 2.631826 0.009195
v 4.702604 2.739998 0.008666
v 3.146144 2.707199 0.008666
v 3.151997 2.442023 0.008666
v 4.708457 2.474823 0.008666
v 3.160169 2.614528 0.004837
v 3.222806 0.273426 0.004837
v 3.494159 0.280357 0.004837
v 3.431523 2.621460 0.004837
v -2.811987 0.070507 -9.402933
v -2.811987 0.981881 -9.402933
v -1.014418 0.981881 -9.402933
v -1.014418 0.070507 -9.402933
v 9.192275 0.117717 -4.150702
v 9.203831 0.794105 -4.158071
v 9.385366 0.807843 -2.631808
v 9.373810 0.131455 -2.624440
v 9.221080 0.562099 -0.968896
v 9.224857 -0.198504 -1.258202
v 9.239821 0.458804 -2.986172
v 9.236044 1.219408 -2.696867
v 9.166852 -0.327066 -4.102477
v 9.172201 0.570249 -4.430066
v 9.238682 1.314021 -2.392010
v 9.233333 0.416706 -2.064421
v -1.996079 1.799284 0.078929
v -1.426045 2.205710 0.078929
v -2.537767 3.283034 0.078929
v -3.107801 2.876607 0.078929
v -2.311532 2.101472 0.022683
v -1.973535 2.841755 -0.000985
v -3.968106 3.475481 0.092511
v -4.306102 2.735198 0.116178
v 9.178911 -0.366703 -4.363784
v 9.174395 0.339444 -4.946384
v 9.238344 1.662797 -3.342742
v 9.242861 0.956650 -2.760142
v 1.869598 5.286115 0.009195
v 1.887769 3.687366 0.009195
v 2.159531 3.690307 0.009195
v 2.141361 5.289056 0.009195
v 0.825160 5.124636 0.008666
v 2.103370 5.151540 0.008666
v 2.097511 5.416716 0.008666
v 0.819300 5.389813 0.008666
v 1.087983 3.680185 0.016283
v 1.045167 5.278486 0.016283
v 0.773481 5.271554 0.016283
v 0.816296 3.673253 0.016283
v 0.869197 2.430581 0.008666
v 2.031547 2.457484 0.008666
v 2.026219 2.722660 0.008666
v 0.863869 2.695757 0.008666
v 1.839055 2.629421 0.009195
v 1.855579 1.030672 0.009195
v 2.102708 1.033614 0.009195
v 2.086185 2.632363 0.009195
v 1.128288 1.023491 0.016283
v 1.089353 2.621792 0.016283
v 0.842293 2.614860 0.016283
v 0.881228 1.016559 0.016283
v 6.062556 3.677442 0.016283
v 6.051306 5.276247 0.016283
v 5.797550 5.274296 0.016283
v 5.808799 3.675491 0.016283
v 5.828648 5.129384 0.008666
v 7.022128 5.156287 0.008666
v 7.016656 5.421463 0.008666
v 5.823176 5.394559 0.008666
v 6.831929 5.286115 0.009195
v 6.848895 3.687366 0.009195
v 7.102643 3.690307 0.009195
v 7.085677 5.289056 0.009195
v 6.818261 2.629422 0.009195
v 6.835696 1.030672 0.009195
v 7.096473 1.033614 0.009195
v 7.079037 2.632363 0.009195
v 7.030411 2.737050 0.008666
v 5.803871 2.710147 0.008666
v 5.809494 2.444971 0.008666
v 7.036035 2.471874 0.008666
v 5.782350 2.614860 0.016283
v 5.823434 1.016559 0.016283
v 6.084138 1.023491 0.016283
v 6.043054 2.621793 0.016283
v -4.133348 2.449439 0.008666
v -2.906733 2.476342 0.008666
v -2.912357 2.741518 0.008666
v -4.138972 2.714614 0.008666
v -4.144470 2.614860 0.016283
v -4.103383 1.016559 0.016283
v -3.842664 1.023490 0.016283
v -3.883750 2.621792 0.016283
v -3.108496 2.629421 0.009195
v -3.091058 1.030672 0.009195
v -2.830266 1.033614 0.009195
v -2.847703 2.632363 0.009195
v -3.136185 5.286115 0.009195
v -3.119985 3.687366 0.009195
v -2.877693 3.690307 0.009195
v -2.893893 5.289056 0.009195
v -2.885880 5.398212 0.008666
v -4.025480 5.371308 0.008666
v -4.020256 5.106133 0.008666
v -2.880656 5.133036 0.008666
v -3.861522 3.675966 0.016283
v -3.856181 5.274802 0.016283
v -4.098486 5.275773 0.016283
v -4.103828 3.676936 0.016283
v -2.013882 1.132584 0.028528
v -1.257553 0.730105 0.028528
v -0.172043 2.143709 0.028528
v -0.928372 2.546188 0.028528
v -10.998158 0.070507 -0.463383
v -9.308155 0.070507 -0.463383
v -9.308155 1.537115 -0.463383
v -10.998158 1.537115 -0.463383
v 0.791857 0.070507 -9.402933
v -1.008206 0.070507 -9.402933
v -1.008206 0.981881 -9.402933
v 0.791857 0.981881 -9.402933
v 1.099187 -0.153931 0.032270
v 1.704020 0.153931 0.032270
v 1.117846 0.951983 0.032270
v 0.513014 0.644121 0.032270
v 7.636459 -0.023588 0.028528
v 8.958266 0.006764 0.028528
v 8.880105 2.365611 0.026295
v 7.558298 2.335259 0.026295
v 8.091599 -0.276450 0.028528
v 8.769053 0.265732 0.028528
v 7.372842 1.474692 0.028528
v 6.695388 0.932510 0.028528
v 9.188524 0.115433 -0.178808
v 9.196284 -0.099485 -0.986669
v 9.197880 1.510638 -1.415006
v 9.190120 1.725556 -0.607145
v 9.216735 0.279626 -0.223170
v 9.228017 -0.099007 -0.943413
v 9.409786 0.986881 -1.511433
v 9.398504 1.365513 -0.791189
v -7.618150 0.070507 -0.463383
v -7.618150 1.537115 -0.463383
v -9.308153 1.537115 -0.463383
v -9.308153 0.070507 -0.463383
v -6.839077 6.843343 -3.360399
v -6.839077 6.843343 -4.104597
v -6.839828 6.672420 -4.104597
v -6.839828 6.672420 -3.360399
v -6.839828 7.583470 -4.104597
v -6.839828 7.583470 -3.360399
v -6.839077 7.754394 -3.360399
v -6.839077 7.754394 -4.104597
v -6.837557 7.663429 -4.117001
v -6.841371 6.795326 -4.091457
v -6.841349 6.800354 -3.920607
v -6.837534 7.668457 -3.946150
v -6.837545 7.666131 -3.498955
v -6.841360 6.797653 -3.498955
v -6.841360 6.797653 -3.328030
v -6.837545 7.666131 -3.328030
v 9.147409 5.293386 0.015848
v 9.147409 7.215045 0.015848
v 1.119224 7.215045 0.015848
v 1.119224 5.293386 0.015848
v 1.119225 5.293386 0.015848
v 1.119225 7.215045 0.015848
v -6.830325 7.215045 0.015848
v -6.830325 5.293386 0.015848
v -6.830325 0.445417 0.014018
v -6.830325 -0.026168 0.014018
v -1.720817 -0.026168 0.014018
v -1.720817 0.445417 0.014018
v -1.720817 0.445417 0.014018
v -1.720817 -0.026168 0.014018
v 3.338645 -0.026168 0.014018
v 3.338645 0.445417 0.014018
v 4.523035 0.445417 0.014018
v 4.523035 -0.026168 0.014018
v 9.192105 -0.026168 0.014018
v 9.192105 0.445417 0.014018
v 9.184440 6.162324 0.013312
v 9.184440 5.278326 0.013312
v 9.184440 5.278326 -3.729096
v 9.184440 6.162324 -3.729096
v 9.178568 5.805271 -4.624851
v 9.178568 5.805271 -3.593639
v 9.178568 2.383373 -3.593639
v 9.178568 2.383373 -4.624851
vn -0.0000 -0.0000 1.0000
vn 0.0244 -0.1212 0.9923
vn -0.0422 -0.1015 0.9939
vn -0.0779 -0.1106 0.9908
vn -0.0299 -0.0550 0.9980
vn -0.0103 -0.0457 0.9989
vn 0.9995 -0.0158 -0.0269
vn -0.0000 -0.0000 -1.0000
vn 0.9929 -0.0182 -0.1179
vn 1.0000 0.0015 0.0092
vn 0.0497 0.0092 0.9987
vn -0.0000 0.0009 1.0000
vn 0.9891 -0.1235 0.0804
vn -1.0000 0.0044 -0.0000
vn 1.0000 -0.0000 -0.0000
vt 0.623774 0.332687
vt 0.601395 0.332687
vt 0.601395 0.597707
vt 0.623774 0.597707
vt 0.805741 0.160702
vt 0.921754 0.160702
vt 0.921754 0.000762
vt 0.805741 0.000762
vt 0.921754 0.160702
vt 0.921754 0.000762
vt 0.930930 0.563484
vt 0.930930 0.997288
vt 0.999204 0.997289
vt 0.999204 0.563484
vt 0.930930 0.997288
vt 0.999204 0.997289
vt 0.999204 0.563484
vt 0.601983 0.152881
vt 0.601983 0.000538
vt 0.806014 0.000538
vt 0.806014 0.152881
vt 0.929432 0.001446
vt 1.000000 0.001446
vt 1.000000 0.527847
vt 0.929432 0.527847
vt 0.930396 0.527847
vt 0.930396 0.001446
s 0
usemtl phong1
f 3254/1175/378 3255/1176/378 3256/1177/378
f 3254/1175/378 3256/1177/378 3257/1178/378
f 3258/1175/378 3259/1176/378 3260/1177/378
f 3258/1175/378 3260/1177/378 3261/1178/378
f 3262/1175/378 3263/1176/378 3264/1177/378
f 3262/1175/378 3264/1177/378 3265/1178/378
f 3266/1175/378 3267/1176/378 3268/1177/378
f 3266/1175/378 3268/1177/378 3269/1178/378
f 3270/1175/378 3271/1176/378 3272/1177/378
f 3270/1175/378 3272/1177/378 3273/1178/378
f 3274/1179/378 3275/1180/378 3276/1181/378
f 3274/1179/378 3276/1181/378 3277/1182/378
f 3278/1179/378 3279/1180/378 3280/1181/378
f 3278/1179/378 3280/1181/378 3281/1182/378
f 3282/1179/379 3283/1180/379 3284/1181/379
f 3282/1179/379 3284/1181/379 3285/1182/379
f 3286/1179/378 3287/1180/378 3288/1181/378
f 3286/1179/378 3288/1181/378 3289/1182/378
f 3290/1179/378 3291/1180/378 3292/1181/378
f 3290/1179/378 3292/1181/378 3293/1182/378
f 3294/1179/378 3295/1180/378 3296/1181/378
f 3294/1179/378 3296/1181/378 3297/1182/378
f 3298/1179/380 3299/1180/380 3300/1181/380
f 3298/1179/380 3300/1181/380 3301/1182/380
f 3302/1179/378 3303/1180/378 3304/1181/378
f 3302/1179/378 3304/1181/378 3305/1182/378
f 3306/1179/378 3307/1180/378 3308/1181/378
f 3306/1179/378 3308/1181/378 3309/1182/378
f 3310/1179/378 3311/1180/378 3312/1181/378
f 3310/1179/378 3312/1181/378 3313/1182/378
f 3314/1179/378 3315/1180/378 3316/1181/378
f 3314/1179/378 3316/1181/378 3317/1182/378
f 3318/1179/378 3319/1180/378 3320/1181/378
f 3318/1179/378 3320/1181/378 3321/1182/378
f 3322/1179/381 3323/1180/381 3324/1181/381
f 3322/1179/381 3324/1181/381 3325/1182/381
f 3326/1179/382 3327/1180/382 3328/1181/382
f 3326/1179/382 3328/1181/382 3329/1182/382
f 3330/1179/383 3331/1180/383 3332/1181/383
f 3330/1179/383 3332/1181/383 3333/1182/383
f 3334/1179/378 3335/1180/378 3336/1181/378
f 3334/1179/378 3336/1181/378 3337/1182/378
f 3338/1179/378 3339/1183/378 3340/1184/378
f 3338/1179/378 3340/1184/378 3341/1182/378
f 3342/1179/378 3343/1180/378 3344/1181/378
f 3342/1179/378 3344/1181/378 3345/1182/378
f 3346/1179/378 3347/1180/378 3348/1181/378
f 3346/1179/378 3348/1181/378 3349/1182/378
f 3350/1179/378 3351/1180/378 3352/1181/378
f 3350/1179/378 3352/1181/378 3353/1182/378
f 3354/1179/378 3355/1183/378 3356/1184/378
f 3354/1179/378 3356/1184/378 3357/1182/378
f 3358/1179/378 3359/1180/378 3360/1181/378
f 3358/1179/378 3360/1181/378 3361/1182/378
f 3362/1179/384 3363/1180/384 3364/1181/384
f 3362/1179/384 3364/1181/384 3365/1182/384
f 3366/1185/378 3367/1186/378 3368/1187/378
f 3366/1185/378 3368/1187/378 3369/1188/378
f 3370/1185/378 3371/1186/378 3372/1187/378
f 3370/1185/378 3372/1187/378 3373/1188/378
f 3374/1185/378 3375/1189/378 3376/1190/378
f 3374/1185/378 3376/1190/378 3377/1191/378
f 3378/1192/385 3379/1193/385 3380/1194/385
f 3378/1192/385 3380/1194/385 3381/1195/385
f 3382/1179/386 3383/1180/386 3384/1181/386
f 3382/1179/386 3384/1181/386 3385/1182/386
f 3386/1179/387 3387/1180/387 3388/1181/387
f 3386/1179/387 3388/1181/387 3389/1182/387
f 3390/1179/384 3391/1180/384 3392/1181/384
f 3390/1179/384 3392/1181/384 3393/1182/384
f 3394/1179/378 3395/1180/378 3396/1181/378
f 3394/1179/378 3396/1181/378 3397/1182/378
f 3398/1179/388 3399/1180/388 3400/1181/388
f 3398/1179/388 3400/1181/388 3401/1182/388
s 1
f 3402/1179/384 3403/1180/384 3404/1181/384
s 0
f 3402/1179/384 3404/1181/384 3405/1182/384
f 3406/1185/378 3407/1186/378 3408/1187/378
f 3406/1185/378 3408/1187/378 3409/1188/378
f 3410/1185/378 3411/1186/378 3412/1187/378
f 3410/1185/378 3412/1187/378 3413/1188/378
f 3414/1185/378 3415/1189/378 3416/1190/378
f 3414/1185/378 3416/1190/378 3417/1191/378
f 3418/1185/378 3419/1186/378 3420/1187/378
f 3418/1185/378 3420/1187/378 3421/1188/378
f 3422/1185/378 3423/1186/378 3424/1187/378
f 3422/1185/378 3424/1187/378 3425/1188/378
f 3426/1185/378 3427/1189/378 3428/1190/378
f 3426/1185/378 3428/1190/378 3429/1191/378
f 3430/1185/378 3431/1189/378 3432/1190/378
f 3430/1185/378 3432/1190/378 3433/1191/378
f 3434/1185/378 3435/1186/378 3436/1187/378
f 3434/1185/378 3436/1187/378 3437/1188/378
f 3438/1185/378 3439/1186/378 3440/1187/378
f 3438/1185/378 3440/1187/378 3441/1188/378
f 3442/1185/378 3443/1186/378 3444/1187/378
f 3442/1185/378 3444/1187/378 3445/1188/378
f 3446/1185/378 3447/1186/378 3448/1187/378
f 3446/1185/378 3448/1187/378 3449/1188/378
f 3450/1185/378 3451/1189/378 3452/1190/378
f 3450/1185/378 3452/1190/378 3453/1191/378
f 3454/1185/378 3455/1186/378 3456/1187/378
f 3454/1185/378 3456/1187/378 3457/1188/378
f 3458/1185/378 3459/1189/378 3460/1190/378
f 3458/1185/378 3460/1190/378 3461/1191/378
f 3462/1185/378 3463/1186/378 3464/1187/378
f 3462/1185/378 3464/1187/378 3465/1188/378
f 3466/1185/378 3467/1186/378 3468/1187/378
f 3466/1185/378 3468/1187/378 3469/1188/378
f 3470/1185/378 3471/1186/378 3472/1187/378
f 3470/1185/378 3472/1187/378 3473/1188/378
f 3474/1185/378 3475/1189/378 3476/1190/378
f 3474/1185/378 3476/1190/378 3477/1191/378
f 3478/1179/378 3479/1180/378 3480/1181/378
f 3478/1179/378 3480/1181/378 3481/1182/378
f 3482/1192/378 3483/1195/378 3484/1194/378
f 3482/1192/378 3484/1194/378 3485/1193/378
f 3486/1192/385 3487/1195/385 3488/1194/385
f 3486/1192/385 3488/1194/385 3489/1193/385
f 3490/1179/378 3491/1180/378 3492/1181/378
f 3490/1179/378 3492/1181/378 3493/1182/378
f 3494/1179/389 3495/1180/389 3496/1181/389
f 3494/1179/389 3496/1181/389 3497/1182/389
f 3498/1179/378 3499/1180/378 3500/1181/378
f 3498/1179/378 3500/1181/378 3501/1182/378
f 3502/1179/387 3503/1180/387 3504/1181/387
f 3502/1179/387 3504/1181/387 3505/1182/387
f 3506/1179/390 3507/1180/390 3508/1181/390
f 3506/1179/390 3508/1181/390 3509/1182/390
f 3510/1192/378 3511/1193/378 3512/1194/378
f 3510/1192/378 3512/1194/378 3513/1195/378
f 3514/1185/391 3515/1189/391 3516/1190/391
f 3514/1185/391 3516/1190/391 3517/1191/391
f 3518/1185/391 3519/1189/391 3520/1190/391
f 3518/1185/391 3520/1190/391 3521/1191/391
f 3522/1185/391 3523/1189/391 3524/1190/391
f 3522/1185/391 3524/1190/391 3525/1191/391
f 3526/1185/391 3527/1189/391 3528/1190/391
f 3526/1185/391 3528/1190/391 3529/1191/391
f 3530/1196/378 3531/1197/378 3532/1198/378
f 3530/1196/378 3532/1198/378 3533/1199/378
f 3534/1199/378 3535/1198/378 3536/1197/378
f 3534/1199/378 3536/1197/378 3537/1196/378
f 3538/1196/378 3539/1197/378 3540/1198/378
f 3538/1196/378 3540/1198/378 3541/1199/378
f 3542/1199/378 3543/1198/378 3544/1197/378
f 3542/1199/378 3544/1197/378 3545/1196/378
f 3546/1199/378 3547/1198/378 3548/1197/378
f 3546/1199/378 3548/1197/378 3549/1196/378
f 3550/1200/392 3551/1198/392 3552/1197/392
f 3550/1200/392 3552/1197/392 3553/1201/392
f 3554/1199/392 3555/1198/392 3556/1197/392
f 3554/1199/392 3556/1197/392 3557/1196/392
